SMILES,CID,canonical_CID,r_inhibition_at_20_uM,r_inhibition_at_50_uM,r_IC50,f_inhibition_at_20_uM,f_inhibition_at_50_uM,f_avg_IC50,f_avg_pIC50,f_max_inhibition_reading,f_min_inhibition_reading,f_hill_slope,f_R2,relative_solubility_at_20_uM,relative_solubility_at_100_uM,trypsin_IC50,acrylamide,chloroacetamide,series
COc1cc(OC)cc(Oc2cccc(CNC(=O)Cn3nnc4ccccc43)c2)c1,MAT-POS-c79fcd02-1,MAT-POS-c79fcd02-1,,0.0,,-3.392211,0.116292,,,,,,,,,,False,False,
N#Cc1cccc(CN2CCN(C(=O)CCl)CC2)c1,MAT-POS-ee51dedd-1,MAT-POS-ee51dedd-1,64.3036339317386,,12.2462267635219,53.37036,85.20008,19.6916117921927,4.7057187346589,80.43604,-1.2112405,1.14557737866286,0.982091029917936,1.01,0.99,,False,True,piperazine-chloroacetamide
O=C(CCl)N1CCN(S(=O)(=O)c2ccsc2)CC1,MAT-POS-ee51dedd-2,MAT-POS-ee51dedd-2,96.3562387315272,,99.0,78.55136,73.74619,1.63084331612158,5.78758776195943,94.828805,30.319765,1.20374524450755,0.982490034879469,1.0,1.0,99.0,False,True,piperazine-chloroacetamide
O=C(CCl)N1CCCc2cc(NCc3ccc(F)cc3Cl)ccc21,MAT-POS-ee51dedd-3,MAT-POS-ee51dedd-3,47.9307129845693,,,25.303,52.54101,19.2632619727773,4.71527016908974,80.277775,-3.13630485,1.19001584215807,0.971671609668919,0.81,0.39,51.7572633566913,False,True,
O=C1Nc2c(Br)cccc2C1=O,LOR-NEU-c8f11034-1,LOR-NEU-c8f11034-1,,,,-4.8865055,-4.451432,,,,,,,,,,False,False,
O=C1C(=O)N(Cc2ccc(Br)cc2)c2c(Br)cccc21,LOR-NEU-c8f11034-2,LOR-NEU-c8f11034-2,,,,1.50192,-1.150091,,,,,,,,,,False,False,
O=C1Nc2ccc(Br)cc2C1=O,LOR-NEU-c8f11034-3,LOR-NEU-c8f11034-3,,,,-2.115973,-1.049148,,,,,,,,,,False,False,
O=C1Nc2cc(Br)ccc2C1=O,LOR-NEU-c8f11034-4,LOR-NEU-c8f11034-4,,,,-5.855381,-4.6235315,,,,,,,,,,False,False,
O=C1C(=O)N(Cc2ccc(Br)cc2)c2ccccc21,LOR-NEU-c8f11034-5,LOR-NEU-c8f11034-5,,,,-3.2663115,0.43852394,,,,,,,,,,False,False,
NS(=O)(=O)c1ccc2c(c1)C(=O)C(=O)N2,LOR-NEU-c8f11034-6,LOR-NEU-c8f11034-6,,,,-5.302895,-3.208671,,,,,,,,,,False,False,
Cc1cc(Br)cc2c1N(CCBr)C(=O)C2=O,LOR-NEU-c8f11034-7,LOR-NEU-c8f11034-7,,,,-3.9370715,-4.2164485,,,,,,,,,,False,False,
CC1(C)CCCN1S(=O)(=O)c1ccc2c(c1)C(=O)C(=O)N2,LOR-NEU-c8f11034-8,LOR-NEU-c8f11034-8,,,,-5.9056075,-10.7132245,,,,,,,,,,False,False,
O=C1C(=O)N(Cc2ccccc2)c2cc(Br)ccc21,LOR-NEU-c8f11034-9,LOR-NEU-c8f11034-9,,,,0.85222195,-0.16382595,,,,,,,,,,False,False,
Cc1cc(CC(=O)Nc2cnccc2C)[nH]n1,EDJ-MED-c9f55a56-1,EDJ-MED-c9f55a56-1,,,,-4.283793,0.40377305,,,,,,,,,,False,False,3-aminopyridine-like
Cc1oncc1C(=O)Nc1ccc(S(F)(F)(F)(F)F)cc1,JOH-UNI-9b01dc72-1,JOH-UNI-9b01dc72-1,,0.0,,,,,,,,,,,,,False,False,
Cc1noc(C)c1CS(=O)(=O)Cc1cccc(Cl)c1,JAG-UCB-a3ef7265-1,JAG-UCB-a3ef7265-1,,,,1.06770805,-0.0148933,,,,,,,,,,False,False,
COc1c(NC(=O)Cc2cccc(Cl)c2Cl)c(C)nn1C,JAG-UCB-a3ef7265-8,JAG-UCB-a3ef7265-8,,,,2.7770125,2.1942745,,,,,,,,,,False,False,3-aminopyridine-like
Cn1nnnc1NC(=O)Cc1csc(C(C)(C)C)n1,JAG-UCB-a3ef7265-11,JAG-UCB-a3ef7265-11,,,,1.851882,5.133212,,,,,,,,,,False,False,3-aminopyridine-like
Cc1nn(C(C)C)c(C)c1CC(=O)Nc1nncn1C1CC1,JAG-UCB-a3ef7265-19,JAG-UCB-a3ef7265-19,,,,-5.192722,-6.892272,,,,,,,,,,False,False,3-aminopyridine-like
CCc1ccncc1NC(=O)Cc1cccc(C(F)(F)F)n1,JAG-UCB-a3ef7265-23,JAG-UCB-a3ef7265-23,,,,2.6263345,10.0794305,,,,,,,,,,False,False,3-aminopyridine-like
O=C(Cc1ccccc1)Nc1cccc(OC2CC(=O)N2)c1,RAL-MED-2de63afb-6,RAL-MED-2de63afb-6,,,,-2.2828535,-0.807546,,,,,,,,,,False,False,3-aminopyridine-like
CCC(=O)Nc1cccc(OC2CC(=O)N2)c1,RAL-MED-2de63afb-11,RAL-MED-2de63afb-11,,,,-4.9901975,-6.233659,,,,,,,,,,False,False,
Cc1ccncc1CC(=O)Nc1cccc(Cl)c1,EDJ-MED-49816e9b-1,EDJ-MED-49816e9b-1,,,,42.193095,67.38706,29.8595914518367,4.52491613872173,79.70499,0.9666092,1.11676419540285,0.990056154894174,,,99.0,False,False,3-aminopyridine-like
Cc1cnn(C)c1NC(=O)Cc1cccc(Cl)c1,EDJ-MED-49816e9b-3,EDJ-MED-49816e9b-3,,,,3.1091525,5.0604005,,,,,,,,,,False,False,3-aminopyridine-like
O=C(c1cc(=O)[nH]c2ccccc12)N1CCN(Cc2ccccc2)CC1,BEN-DND-7e92b6ca-10,BEN-DND-7e92b6ca-10,,,,74.460875,87.782555,8.76136877730283,5.05742803926664,93.100325,4.13452,1.116767589773,0.991503759267175,,,99.0,False,False,quinolones
COc1ccc(N2CCN(C(=O)c3cc(=O)[nH]c4ccccc34)CC2)cc1,BEN-DND-7e92b6ca-11,BEN-DND-7e92b6ca-11,,,,61.38267,81.71604,14.6738706575817,4.83345531332081,88.704015,1.1642101,1.14254265069731,0.996105051650909,,,,False,False,quinolones
COc1cccc(N2CCN(C(=O)c3cc(=O)[nH]c4ccccc34)CC2)c1,BEN-DND-7e92b6ca-12,BEN-DND-7e92b6ca-12,,,,78.508125,90.769485,7.54962952699048,5.12207435940808,94.14119,9.780628,1.06382259773068,0.997687409847599,,,99.0,False,False,quinolones
COc1ccccc1N1CCN(C(=O)c2cc(=O)[nH]c3ccccc23)CC1,BEN-DND-7e92b6ca-13,BEN-DND-7e92b6ca-13,,,,39.02075,62.804895,32.7591022474999,4.484668008447,76.644055,-1.63870455,1.23890132548342,0.992448804645569,,,,False,False,quinolones
O=C(c1cc(=O)[nH]c2ccccc12)N1CCN(c2ccc(F)cc2)CC1,BEN-DND-7e92b6ca-14,BEN-DND-7e92b6ca-14,,,,56.967645,78.525565,16.5026189867518,4.78244712722637,86.61347,3.4813035,1.14945529356533,0.995622922161242,,,,False,False,quinolones
O=C(c1cc(=O)[nH]c2ccccc12)N1CCN(c2ccccc2F)CC1,BEN-DND-7e92b6ca-16,BEN-DND-7e92b6ca-16,,,,50.689395,75.578355,23.9995998649817,4.61979599903336,82.86031,-1.7280655,1.20402248750302,0.991614725819312,,,,False,False,quinolones
O=C(CCl)N1CCN(S(=O)(=O)C2=CC[SH]=C2)CC1,MAK-UNK-d4768348-1,MAK-UNK-d4768348-1,96.3562387315272,,99.0,78.55136,73.74619,1.63084331612158,5.78758776195943,94.828805,30.319765,1.20374524450755,0.982490034879469,1.0,1.0,99.0,False,True,piperazine-chloroacetamide
C=CC(=O)N1CCN(Cc2c[nH]c3ccc(C#N)cc23)CC1,MAT-POS-2db6411e-1,MAT-POS-2db6411e-1,0.0,0.0,,-36.21916,-27.06263,,,,,,,0.97,0.92,,True,False,
O=C(CCl)N1CCN(Cc2cc(O)cc(Cl)c2)CC1,MAT-POS-2db6411e-2,MAT-POS-2db6411e-2,92.7299912844281,98.8615965175399,1.56892614752099,74.96829,89.51881,12.91844908314,4.88878962218181,89.49559,-3.2723834,1.39670073691104,0.987571052551391,,,99.0,False,True,piperazine-chloroacetamide
O=C(Cc1cccc(Cl)c1)Nc1cccnc1,EDG-MED-0da5ad92-2,EDG-MED-0da5ad92-2,,52.3682892479862,,24.074975,40.890465,53.717306778232,4.26988576965696,65.777815,-1.333277225,1.28831823275495,0.983838474740441,,,99.0,False,False,3-aminopyridine-like
Cc1cncc(NC(=O)Cc2cccc(Cl)c2)c1,EDG-MED-0da5ad92-12,EDG-MED-0da5ad92-12,,,,19.840895,42.669205,,,,,,,,,,False,False,3-aminopyridine-like
Cc1ccc(NC(=O)Cc2cccc(Cl)c2)cn1,EDG-MED-0da5ad92-13,EDG-MED-0da5ad92-13,,,,0.3596831,3.352639,,,,,,,,,,False,False,3-aminopyridine-like
Cc1ncccc1NC(=O)Cc1cccc(Cl)c1,EDG-MED-0da5ad92-14,EDG-MED-0da5ad92-14,,0.0,,-4.5913685,-3.8985493,,,,,,,,,,False,False,3-aminopyridine-like
Cc1cnncc1NC(=O)Cc1cccc(Cl)c1,EDG-MED-0da5ad92-16,EDG-MED-0da5ad92-16,,,,-3.562807,-2.6476915,,,,,,,,,,False,False,3-aminopyridine-like
Cc1[nH]ncc1NC(=O)Cc1cccc(Cl)c1,EDG-MED-0da5ad92-21,EDG-MED-0da5ad92-21,,,,3.6405765,6.925368,,,,,,,,,,False,False,3-aminopyridine-like
O=C(Cc1cccc(Cl)c1)Nc1cnns1,JAN-GHE-5a013bed-6,JAN-GHE-5a013bed-6,,,,4.1201535,3.342711,,,,,,,,,,False,False,3-aminopyridine-like
Cc1ccc(CC(=O)Nc2cnccc2C)cc1,JAN-GHE-83b26c96-11,JAN-GHE-83b26c96-11,,5.56069103294953,,6.319883,3.26725005,,,,,,,,,,False,False,3-aminopyridine-like
Cc1ccncc1NC(=O)Cc1cccc(Br)c1,JAN-GHE-83b26c96-12,JAN-GHE-83b26c96-12,,,,56.18509,77.679955,20.5939440724842,4.68626047101758,86.46495,2.1207509,1.20419392648059,0.991254960543221,,,,False,False,3-aminopyridine-like
Cc1ccncc1NC(=O)Cc1cccc(C(F)(F)F)c1,JAN-GHE-83b26c96-14,JAN-GHE-83b26c96-14,,49.315057451583,,23.988545,49.125045,,,,,,,,,,False,False,3-aminopyridine-like
Cc1ccncc1N(C)C(=O)Cc1cccc(Cl)c1,JAN-GHE-83b26c96-15,JAN-GHE-83b26c96-15,,,,5.9736555,15.100115,,,,,,,,,,False,False,3-aminopyridine-like
Cc1ccncc1NS(=O)(=O)Cc1cccc(Cl)c1,JAN-GHE-83b26c96-17,JAN-GHE-83b26c96-17,,,,4.2951345,9.7716375,,,,,,,,,,False,False,
Cc1ccncc1-c1nc(-c2cccc(Cl)c2)no1,JAN-GHE-83b26c96-25,JAN-GHE-83b26c96-25,,,,3.5757685,5.2507035,,,,,,,,,,False,False,
N#CCN1CCN(Cc2cc(Cl)cc3ccccc23)CC1,MAT-POS-4e253971-1,MAT-POS-4e253971-1,10.3525579087545,10.1704236081767,,,5.54785,,,,,,,0.91,0.92,,False,False,
C=CC(=O)N1CCN(Cc2cc(Cl)cc3ccccc23)CC1,MAT-POS-4e253971-2,MAT-POS-4e253971-2,0.0,0.0,,,37.9037,,,,,,,0.86,0.75,,True,False,
COc1ccc2nc(C)cc(C(=O)NN)c2c1,MAT-POS-4e253971-3,MAT-POS-4e253971-3,0.0,0.0,,,22.15177,,,,,,,1.0,1.0,,False,False,
C=CC(=O)N(c1ccc(C2(C)CC2)cc1)C(C(=O)NC(C)(C)C)c1cccnc1,LON-WEI-d1c9908a-1,LON-WEI-d1c9908a-1,0.0,10.115,,,-13.51298,,,,,,,1.0,1.0,,True,False,Ugi
C=CC(=O)N(c1ccc(C2(C)CC2)cc1)C(C(=O)Nc1ccc(Cl)cc1)c1cccnc1,LON-WEI-d1c9908a-2,LON-WEI-d1c9908a-2,0.0,-0.67,,,-9.807806,,,,,,,0.95,0.56,,True,False,3-aminopyridine-like
C=CC(=O)N(c1ccc(C(C)(C)C)cc1)C(C(=O)Nc1ccc(OC)cc1C)c1cccnc1,LON-WEI-d1c9908a-3,LON-WEI-d1c9908a-3,0.0,-2.25,,,22.44898,99.03,,45.999755,-11.042415,1.5149924022145,0.451917751233216,0.97,0.57,,True,False,3-aminopyridine-like
C=CC(=O)N(c1ccc(C2(C)CC2)cc1)C(C(=O)Nc1ccc(OC)cc1C)c1cccnc1,LON-WEI-d1c9908a-4,LON-WEI-d1c9908a-4,0.0,0.0,,,6.082821,,,,,,,1.0,0.52,,True,False,3-aminopyridine-like
C=CC(=O)N(c1ccc(C2(C)CC2)cc1)C(C(=O)Nc1ccc(OC)cc1)c1cccnc1,LON-WEI-d1c9908a-5,LON-WEI-d1c9908a-5,0.0,0.0,,,12.60155,,,,,,,0.96,0.62,,True,False,3-aminopyridine-like
C=CC(=O)N(c1ccc(C2(C)CC2)cc1)C(C(=O)Nc1cccc(CC)c1)c1cccnc1,LON-WEI-d1c9908a-6,LON-WEI-d1c9908a-6,4.53,47.21,,,21.02239,99.03,,36.911095,-1.1870915,0.706679061962014,0.777166398334939,0.86,0.65,,True,False,3-aminopyridine-like
C=CC(=O)N(c1ccc(C(C)(C)C)cc1)C(C(=O)Nc1ccc(OC)cc1)c1cccnc1,LON-WEI-d1c9908a-7,LON-WEI-d1c9908a-7,0.0,0.0,,,12.04676,,,,,,,0.95,0.71,,True,False,3-aminopyridine-like
C=CC(=O)N(c1ccc(C2(C)CC2)cc1)C(C(=O)Nc1c(C)cccc1CC)c1cccnc1,LON-WEI-d1c9908a-8,LON-WEI-d1c9908a-8,0.0,20.395,,,20.94313,,,,,,,0.8,0.68,,True,False,3-aminopyridine-like
C=CC(=O)N(c1ccc(C(C)(C)C)cc1)C(C(=O)Nc1cccc(F)c1C)c1cccnc1,LON-WEI-d1c9908a-9,LON-WEI-d1c9908a-9,0.0,0.0,,,-14.82069,,,,,,,1.0,0.98,,True,False,3-aminopyridine-like
C=CC(=O)N(c1ccc(C(C)(C)C)cc1)C(C(=O)Nc1c(C)cccc1CC)c1cccnc1,LON-WEI-d1c9908a-10,LON-WEI-d1c9908a-10,0.0,0.0,,,-3.744799,,,,,,,0.98,0.69,,True,False,3-aminopyridine-like
C=CC(=O)N(c1ccc(C2(C)CC2)cc1)C(C(=O)Nc1ccc(Br)cc1)c1cccnc1,LON-WEI-d1c9908a-11,LON-WEI-d1c9908a-11,2.51,67.75,19.4305924167973,,47.05766,83.6520005529804,4.07752366834497,55.79325,-1.694075,0.938013559897543,0.78678070849299,1.0,1.01,58.1858648198126,True,False,3-aminopyridine-like
C=CC(=O)N(c1ccc(C(C)(C)CC)cc1)C(C(=O)Nc1ccccc1Br)c1cccnc1,LON-WEI-d1c9908a-12,LON-WEI-d1c9908a-12,0.0,8.025,,,-11.47216,,,,,,,1.0,1.0,,True,False,3-aminopyridine-like
C=CC(=O)N(c1ccc(C2(C)CC2)cc1)C(C(=O)Nc1cccc(F)c1C)c1cccnc1,LON-WEI-d1c9908a-13,LON-WEI-d1c9908a-13,0.0,1.04,,,34.65425,,,,,,,1.0,1.0,,True,False,3-aminopyridine-like
CCN(Cc1cccc(-c2ccncc2)c1)C(=O)Cn1nnc2ccccc21,AAR-POS-8a4e0f60-1,AAR-POS-8a4e0f60-1,,0.0,,3.37060445,15.5720445,,,,,,,,,,False,False,
CCN(Cc1cccc(-c2ccncc2)c1)C(=O)Cc1noc2ccccc12,AAR-POS-8a4e0f60-2,AAR-POS-8a4e0f60-2,0.0,,,-25.44106,-15.76959,,,,,,,0.98,0.85,,False,False,
CCOCC(=O)NCc1ccc(CNC(=O)Cn2nnc3ccccc32)cc1,AAR-POS-8a4e0f60-4,AAR-POS-8a4e0f60-4,,,,1.8210981,1.313917,,,,,,,,,,False,False,
COc1cc(OC)cc(Oc2ccc(CNC(=O)Cn3nnc4ccccc43)cc2)c1,AAR-POS-8a4e0f60-6,AAR-POS-8a4e0f60-6,,0.0,,4.580565,17.34965,,,,,,,,,,False,False,
CN(C(=O)Cn1nnc2ccccc21)c1ccc(Oc2ccc(C(F)(F)F)cn2)cc1,AAR-POS-8a4e0f60-7,AAR-POS-8a4e0f60-7,,,,30.19718,59.367865,37.8323685211715,4.4221364685546,75.812115,-3.517803,1.23371995010057,0.971597203066321,,,,False,False,3-aminopyridine-like
CN(Cc1ccc(OCc2cccs2)cc1)C(=O)Cn1nnc2ccccc21,AAR-POS-8a4e0f60-8,AAR-POS-8a4e0f60-8,0.0,,,2.491452,10.18225,,,,,,,0.56,-0.05,,False,False,
CN(C(=O)Cc1noc2ccccc12)c1ccc(NC(=O)OC(C)(C)C)cc1,AAR-POS-8a4e0f60-9,AAR-POS-8a4e0f60-9,0.0,,,-14.47033,-11.94555,,,,,,,0.98,0.7,,False,False,3-aminopyridine-like
O=C(Cn1nnc2ccccc21)NCc1ccc(Oc2cccnc2)c(F)c1,AAR-POS-8a4e0f60-10,AAR-POS-8a4e0f60-10,0.0,,,-21.06818,-19.27192,,,,,,,0.99,0.99,,False,False,
C=CC(=O)N(c1ccc(C(C)(C)C)cc1)C(C(=O)NC1CC(C(=O)OC)C1)c1cccnc1,LON-WEI-adc59df6-1,LON-WEI-adc59df6-1,0.0,0.0,,5.695664,4.242857,,,,,,,0.99,0.98,,True,False,3-aminopyridine-like
C=CC(=O)N(c1ccc(C(C)(C)C)cc1)C(C(=O)NCCC(=O)OCC)c1cccnc1,LON-WEI-adc59df6-2,LON-WEI-adc59df6-2,12.319996132888,43.683379389046,,27.80088,46.30419,,,,,,,0.99,0.97,,True,False,Ugi
C=CC(=O)N(c1ccc(C(C)(C)C)cc1)C(C(=O)NC)c1cccnc1,LON-WEI-adc59df6-3,LON-WEI-adc59df6-3,57.3567436072573,100.0,16.9787020147867,42.0882,69.70667,35.7085529921464,4.44722774824628,79.2087,-6.2578815,1.4290865255473,0.980569285954837,1.01,0.99,99.0,True,False,Ugi
C=CC(=O)N(c1ccc(C(C)(C)C)cc1)C(C(=O)Nc1ccc2c(c1)OCCO2)c1cccnc1,LON-WEI-adc59df6-4,LON-WEI-adc59df6-4,7.67506376786626,30.7654443334551,,2.828568,18.07008,,,,,,,0.98,0.75,,True,False,3-aminopyridine-like
C=CC(=O)N(c1ccc(C(C)(C)C)cc1)C(C(=O)N[C@H]1CC[C@@H](C(=O)OC)C1)c1cccnc1,LON-WEI-adc59df6-6,LON-WEI-adc59df6-6,0.0,6.95913387499819,,7.310613,22.16119,,,,,,,1.0,0.98,,True,False,3-aminopyridine-like
C=CC(=O)N(c1ccc(C(C)(C)C)cc1)C(C(=O)NCCCC(=O)OCC)c1cccnc1,LON-WEI-adc59df6-7,LON-WEI-adc59df6-7,0.0,14.6089723614061,,6.157995,30.89273,,,,,,,0.99,0.96,,True,False,Ugi
C=CC(=O)N(c1ccc(C(C)(C)C)cc1)C(C(=O)NC1CCCCC1)c1cccnc1,LON-WEI-adc59df6-8,LON-WEI-adc59df6-8,0.0,18.5632459657459,,13.34339,17.80907,,,,,,,0.99,1.0,,True,False,3-aminopyridine-like
C=CC(=O)N(c1ccc(C(C)(C)C)cc1)C(C(=O)NCCCSC)c1cccnc1,LON-WEI-adc59df6-10,LON-WEI-adc59df6-10,69.9716074363922,100.0,13.6889267186495,50.25283,75.64303,25.4680750268351,4.59400387941082,82.96028,-3.6065575,1.30650888105566,0.985998385260558,1.0,1.0,99.0,True,False,Ugi
C=CC(=O)N(c1ccc(C(C)(C)C)cc1)C(C(=O)NC1CCC1)c1cccnc1,LON-WEI-adc59df6-14,LON-WEI-adc59df6-14,0.0,51.9434354019522,,6.161206,11.98804,,,,,,,1.0,1.0,,True,False,3-aminopyridine-like
C=CC(=O)N(c1ccc(C(C)(C)C)cc1)C(C(=O)NCCSC)c1cccnc1,LON-WEI-adc59df6-17,LON-WEI-adc59df6-17,55.9668696850506,63.8639838352288,65.4270230671027,38.45697,68.91759,20.1619451628661,4.69546757080056,83.976095,7.173773,0.953100868214584,0.962337153550526,1.0,0.99,99.0,True,False,Ugi
C=CC(=O)N(c1ccc(C(C)(C)C)cc1)C(C(=O)Nc1ccccc1OC)c1cccnc1,LON-WEI-adc59df6-18,LON-WEI-adc59df6-18,0.0,25.420373519205,,26.26619,44.23436,,,,,,,0.97,0.95,,True,False,3-aminopyridine-like
C=CC(=O)N(c1ccc(C(C)(C)C)cc1)C(C(=O)NCC1CCOC1)c1cccnc1,LON-WEI-adc59df6-19,LON-WEI-adc59df6-19,1.10429176127764,29.4328996733444,,25.70754,41.25708,,,,,,,1.0,0.99,,True,False,Ugi
C=CC(=O)N(c1ccc(C(C)(C)C)cc1)C(C(=O)NC(C)C)c1cccnc1,LON-WEI-adc59df6-21,LON-WEI-adc59df6-21,0.0,0.0,,-1.730531,0.4157878,,,,,,,1.0,1.0,,True,False,Ugi
C=CC(=O)N(c1ccc(C(C)(C)C)cc1)C(C(=O)NCc1ccc(F)cc1)c1cccnc1,LON-WEI-adc59df6-23,LON-WEI-adc59df6-23,79.3038984803761,100.0,10.5065361656972,51.16466,76.37749,23.3347750379225,4.63199638163376,82.39912,-5.204918,1.33495402476743,0.982983724209467,0.98,0.66,99.0,True,False,Ugi
C=CC(=O)N(c1ccc(C(C)(C)C)cc1)C(C(=O)NCCOC)c1cccnc1,LON-WEI-adc59df6-26,LON-WEI-adc59df6-26,25.7480348130328,70.2789696811481,,35.6573,52.70793,55.7779893422194,4.25353714502367,66.91677,-4.2528375,1.38334158941243,0.982526842660422,1.0,1.0,99.0,True,False,Ugi
C=CC(=O)N(c1ccc(C(C)(C)C)cc1)C(C(=O)NCCCOC)c1cccnc1,LON-WEI-adc59df6-27,LON-WEI-adc59df6-27,12.2478498929666,39.5364589608403,,3.348691,19.37814,,,,,,,0.99,0.98,,True,False,Ugi
C=CC(=O)N(c1ccc(C(C)(C)C)cc1)C(C(=O)NCc1cccnc1)c1cccnc1,LON-WEI-adc59df6-28,LON-WEI-adc59df6-28,18.1710485789818,61.301838207571,,41.22132,59.26645,49.8615755502403,4.30223400256781,68.026485,-7.462169,1.31515561902206,0.96907403741618,1.0,0.96,99.0,True,False,Ugi
C=CC(=O)N(c1ccc(C(C)(C)C)cc1)C(C(=O)NCC)c1cccnc1,LON-WEI-adc59df6-30,LON-WEI-adc59df6-30,52.5643268018405,100.0,19.3910794055449,56.96627,50.15858,45.490007175617,4.34208399466421,73.38903,-7.585122,1.40029649385709,0.970729695255993,0.99,1.0,99.0,True,False,Ugi
C=CC(=O)N(c1ccc(C(C)(C)C)cc1)C(C(=O)NC(C)CC)c1cccnc1,LON-WEI-adc59df6-31,LON-WEI-adc59df6-31,3.70690693100509,23.8849407622396,,16.77235,32.50125,,,,,,,1.0,1.0,,True,False,Ugi
C=CC(=O)N(c1ccc(C(C)(C)C)cc1)C(C(=O)NCC1CCCO1)c1cccnc1,LON-WEI-adc59df6-32,LON-WEI-adc59df6-32,0.0,25.6290118676384,,70.84584,44.10689,90.5004515688197,4.04334925379637,51.27049,-6.8284995,1.40424027326686,0.93397209742542,1.0,0.99,99.0,True,False,Ugi
C=CC(=O)N(c1ccc(C(C)(C)C)cc1)C(C(=O)NC1CCCC1)c1cccnc1,LON-WEI-adc59df6-35,LON-WEI-adc59df6-35,0.0,1.67674371141943,,-10.46988,-12.77713,,,,,,,1.01,1.0,,True,False,3-aminopyridine-like
C=CC(=O)N(c1ccc(C(C)(C)C)cc1)C(C(=O)Nc1ccc(OC)nc1)c1cccnc1,LON-WEI-adc59df6-37,LON-WEI-adc59df6-37,0.0,0.0,,1.075562,13.39929,,,,,,,1.0,1.0,,True,False,3-aminopyridine-like
C=CC(=O)N(c1ccc(C(C)(C)C)cc1)C(C(=O)NC1CCOCC1)c1cccnc1,LON-WEI-adc59df6-39,LON-WEI-adc59df6-39,0.8409547847832,31.0886910790132,,9.005827,0.6676884,,,,,,,0.99,1.0,,True,False,3-aminopyridine-like
C=CC(=O)N(c1ccc(C(C)(C)C)cc1)C(C(=O)NCc1ccccc1)c1cccnc1,LON-WEI-adc59df6-40,LON-WEI-adc59df6-40,69.1318397623359,100.0,14.3148378569011,42.31294,66.59282,33.3240661657904,4.4772420118984,78.389025,-6.901009,1.391985688718,0.979685664707855,0.99,0.89,99.0,True,False,Ugi
C=CC(=O)N(c1ccc(C(C)(C)C)cc1)C(C(=O)Nc1ccc(F)cc1)c1cccnc1,LON-WEI-adc59df6-41,LON-WEI-adc59df6-41,8.54990169353133,31.9136629000442,,16.96499,35.96716,,,,,,,0.98,0.86,,True,False,3-aminopyridine-like
C=CC(=O)N(c1ccc(C(C)(C)C)cc1)C(C(=O)Nc1ccc2c(c1)OCO2)c1cccnc1,LON-WEI-adc59df6-43,LON-WEI-adc59df6-43,,114.704857509018,,41.05763,60.383215,36.0680676361585,4.44287712459136,73.22824,0.96991055,1.22451783749938,0.981502236302223,,,72.5269494139301,True,False,3-aminopyridine-like
C=CC(=O)N(c1ccc(C(C)(C)C)cc1)C(C(=O)NC1CC1)c1cccnc1,LON-WEI-adc59df6-44,LON-WEI-adc59df6-44,8.6698719586668,33.304028462348,,25.40574,32.95042,,,,,,,1.01,1.0,,True,False,3-aminopyridine-like
C=CC(=O)N(c1ccc(C(C)(C)C)cc1)C(C(=O)Nc1ccc(OC)cc1OC)c1cccnc1,LON-WEI-adc59df6-45,LON-WEI-adc59df6-45,5.02935631875953,45.87330743918,,48.914,41.62734,6.47440777057573,5.18879995137552,78.08638,34.8802,0.35817346790807,0.474014039095292,0.98,0.84,,True,False,3-aminopyridine-like
C=CC(=O)N(c1ccc(C(C)(C)C)cc1)C(C(=O)NCCc1cccc(F)c1)c1cccnc1,LON-WEI-adc59df6-47,LON-WEI-adc59df6-47,91.822164116722,100.0,3.35882432607526,63.32975,83.42767,2.95839909601009,5.52894323889106,95.63367,36.22951,0.636587271178085,0.851552515670119,0.98,0.55,99.0,True,False,Ugi
C=CC(=O)N(c1ccc(C(C)(C)C)cc1)C(C(=O)NC(C)(C)C)c1cnc[nH]1,LON-WEI-adc59df6-49,LON-WEI-adc59df6-49,0.0,0.0,,-20.15315,-23.5603,,,,,,,0.99,0.89,,True,False,Ugi
C=CC(=O)N(c1ccc(C(C)(C)C)cc1)C(C(=O)NC(C)(C)C)c1cncc2ccccc12,LON-WEI-adc59df6-52,LON-WEI-adc59df6-52,0.0,0.0,,-17.71307,-17.45702,,,,,,,0.85,0.56,,True,False,Ugi
C=CC(=O)N(c1ccc(C(C)(C)C)cc1)C(C(=O)NC(C)(C)C)c1cncc(Cl)c1,LON-WEI-adc59df6-53,LON-WEI-adc59df6-53,0.0,13.4880624419675,,34.58495,19.56934,65.5840093517116,4.18320203710094,57.418035,-3.603407,0.971237010875927,0.581233013415037,0.99,0.86,99.0,True,False,Ugi
C=CC(=O)N(c1ccc(C(C)(C)C)cc1)C(C(=O)NC(C)(C)C)c1cncc(Br)c1,LON-WEI-adc59df6-54,LON-WEI-adc59df6-54,0.0,0.0,,14.56664,-13.84846,,,,,,,0.99,0.97,,True,False,Ugi
C=CC(=O)N(c1ccc(C(C)(C)C)cc1)C(C(=O)NC(C)(C)C)c1cncc(Br)c1C,LON-WEI-adc59df6-55,LON-WEI-adc59df6-55,12.8850623037341,35.2724667787641,,-4.324723,7.839269,,,,,,,0.98,0.92,,True,False,Ugi
C=CC(=O)N(c1ccc(C(C)(C)C)cc1)C(C(=O)NC(C)(C)C)c1cccnc1C,LON-WEI-adc59df6-56,LON-WEI-adc59df6-56,0.0,0.0,,-1.335624,2.239791,,,,,,,0.99,0.99,,True,False,Ugi
C=CC(=O)N(c1ccc(C(C)(C)C)cc1)C(C(=O)NC(C)(C)C)c1cncc(OCC)c1,LON-WEI-adc59df6-57,LON-WEI-adc59df6-57,-0.815770299228568,14.9557070934443,,-1.871799,2.585775,,,,,,,0.99,0.89,,True,False,Ugi
C=CC(=O)N(c1ccc(C(C)(C)C)cc1)C(C(=O)NC(C)(C)C)c1cncc(OC)c1,LON-WEI-adc59df6-58,LON-WEI-adc59df6-58,0.074075837683921,8.4664172438448,,-13.44934,-6.871121,,,,,,,1.0,0.99,,True,False,Ugi
C=CC(=O)N(c1ccc(C(C)(C)C)cc1)C(C(=O)NC(C)(C)C)c1cncc(OC)c1C,LON-WEI-adc59df6-59,LON-WEI-adc59df6-59,8.10011045080358,38.9773895814231,,8.601287,28.62562,,,,,,,0.99,0.95,,True,False,Ugi
C=CC(=O)N(c1ccc(C(C)(C)C)cc1)C(C(=O)NC(C)(C)C)c1cncc(C(C)(F)F)c1,LON-WEI-adc59df6-60,LON-WEI-adc59df6-60,0.0,0.0,,-11.48123,-15.47823,,,,,,,0.99,0.96,,True,False,Ugi
C=CC(=O)N(c1ccc(C(C)(C)C)cc1)C(C(=O)NC(C)(C)C)c1cnccc1C,LON-WEI-adc59df6-61,LON-WEI-adc59df6-61,0.0,0.0,,-13.98552,-12.48577,,,,,,,0.99,1.0,,True,False,Ugi
C=CC(=O)N(C(C(=O)NC(C)(C)C)c1cccnc1)[C@@H]1C[C@@H]1c1ccccc1,LON-WEI-adc59df6-62,LON-WEI-adc59df6-62,0.0,,,-14.37401,-6.464438,,,,,,,0.97,0.88,,True,False,Ugi
C=CC(=O)N(C(C)COc1cccc(F)c1)C(C(=O)NC(C)(C)C)c1cccnc1,LON-WEI-adc59df6-66,LON-WEI-adc59df6-66,,0.0,,-1.517852415,-5.54325,,,,,,,,,,True,False,Ugi
C=CC(=O)N(C1CCCC(C(C)C)CC1)C(C(=O)NC(C)(C)C)c1cccnc1,LON-WEI-adc59df6-67,LON-WEI-adc59df6-67,0.0,,,-1.075562,8.239882,,,,,,,0.99,0.95,,True,False,Ugi
C=CC(=O)N(c1ccc2cc[nH]c2c1)C(C(=O)NC(C)(C)C)c1cccnc1,LON-WEI-adc59df6-68,LON-WEI-adc59df6-68,0.0,,,5.377811,10.52216,,,,,,,0.84,0.93,,True,False,Ugi
C=CC(=O)N(C(CO)CC#CC)C(C(=O)NC(C)(C)C)c1cccnc1,LON-WEI-adc59df6-72,LON-WEI-adc59df6-72,,0.0,,-4.06201,-4.3028025,,,,,,,,,,True,False,Ugi
C=CC(=O)N(c1ccc(CCC#N)cc1)C(C(=O)NC(C)(C)C)c1cccnc1,LON-WEI-adc59df6-78,LON-WEI-adc59df6-78,0.0,,,1.817219,14.20962,,,,,,,0.99,0.99,,True,False,Ugi
C=CC(=O)N(c1ccc(C2CCOC2)cc1)C(C(=O)NC(C)(C)C)c1cccnc1,LON-WEI-adc59df6-83,LON-WEI-adc59df6-83,0.0,,,-11.86971,4.282311,,,,,,,1.01,1.01,,True,False,Ugi
C#CCOc1ccc(N(C(=O)C=C)C(C(=O)NC(C)(C)C)c2cccnc2)cc1,LON-WEI-adc59df6-87,LON-WEI-adc59df6-87,0.0,,,-13.37871,-14.79537,,,,,,,1.0,1.0,,True,False,Ugi
C=CC(=O)N(C1COC2(CCC2)C1)C(C(=O)NC(C)(C)C)c1cccnc1,LON-WEI-adc59df6-89,LON-WEI-adc59df6-89,0.0,,,12.58568,13.44785,,,,,,,0.97,0.96,,True,False,Ugi
C=CC(=O)N(C1CCC2(CCCC2)C1)C(C(=O)NC(C)(C)C)c1cccnc1,LON-WEI-adc59df6-92,LON-WEI-adc59df6-92,0.0,,,5.217279,6.34911,,,,,,,0.98,0.99,,True,False,Ugi
C=CC(=O)N(C1CC(C)OC1=O)C(C(=O)NC(C)(C)C)c1cccnc1,LON-WEI-adc59df6-93,LON-WEI-adc59df6-93,,0.0,,-2.18225,1.3401265,,,,,,,,,,True,False,Ugi
C=CC(=O)N(C1CCC2(CCCC2)CC1)C(C(=O)NC(C)(C)C)c1cccnc1,LON-WEI-adc59df6-94,LON-WEI-adc59df6-94,0.0,,,-5.599345,6.93789,,,,,,,1.0,0.97,,True,False,Ugi
C=CC(=O)N(c1ccc(N2CCC2)cc1)C(C(=O)NC(C)(C)C)c1cccnc1,LON-WEI-adc59df6-95,LON-WEI-adc59df6-95,0.0,,,-18.51572,-17.25368,,,,,,,0.97,0.93,,True,False,Ugi
C=CC(=O)N(C1CCOC1=O)C(C(=O)NC(C)(C)C)c1cccnc1,LON-WEI-adc59df6-96,LON-WEI-adc59df6-96,,0.0,,-5.0829145,-7.6254295,,,,,,,,,,True,False,Ugi
C=CC(=O)N(c1cc(C)cc(N)c1)C(C(=O)NC(C)(C)C)c1cccnc1,LON-WEI-adc59df6-101,LON-WEI-adc59df6-101,0.0,0.0,,-15.14135,-19.4267,,,,,,,0.99,0.98,,True,False,Ugi
C=CC(=O)N(c1ccc2c(c1)C=CCCC2)C(C(=O)NC(C)(C)C)c1cccnc1,LON-WEI-adc59df6-102,LON-WEI-adc59df6-102,,0.0,,12.445305,25.910955,,,,,,,,,,True,False,Ugi
C#Cc1cccc(N(C(=O)C=C)C(C(=O)NC(C)(C)C)c2cccnc2)c1,LON-WEI-adc59df6-103,LON-WEI-adc59df6-103,0.0,,,-3.839918,3.696566,,,,,,,1.0,1.01,,True,False,Ugi
C=CC(=O)N(c1ccc2c(ccn2C)c1)C(C(=O)NC(C)(C)C)c1cccnc1,LON-WEI-adc59df6-104,LON-WEI-adc59df6-104,0.0,,,-17.55253,-18.00634,,,,,,,1.01,1.0,,True,False,Ugi
Cc1ccc(S(=O)(=O)Nc2c(-c3cccnc3)nc3ccccn23)c(C)c1,FRA-BIO-8bf1eac9-1,FRA-BIO-8bf1eac9-1,,0.0,,2.50094535,7.697418,,,,,,,,,,False,False,
O=S(=O)(Cc1nc(-c2ccncc2)no1)Nc1ccc(N2CCCCC2)cc1,FRA-BIO-8bf1eac9-12,FRA-BIO-8bf1eac9-12,,0.0,,3.338195,2.6636395,,,,,,,,,,False,False,
O=C(Nc1cccnc1)N(CCN1CCOCC1)c1cccc(Cl)c1,JOR-UNI-2fc98d0b-6,JOR-UNI-2fc98d0b-6,,59.3594388636461,,24.350455,49.6179,,,,,,,,,,False,False,3-aminopyridine-like
O=C(Nc1cccnc1)N(CCC1CCCCC1)c1cccc(Cl)c1,JOR-UNI-2fc98d0b-12,JOR-UNI-2fc98d0b-12,,78.9446538442645,,83.33063,88.791675,3.05667196423036,5.51475116636676,96.26291,22.31912,0.954991969998257,0.993446639800721,,,99.0,False,False,3-aminopyridine-like
NS(=O)(=O)c1ccc(N2CCSCC2)cc1,WAR-XCH-b72a1bbc-1,WAR-XCH-b72a1bbc-1,29.145,48.24,,,-25.91639,,,,,,,1.0,1.0,,False,False,
Cc1ccncc1-c1ccc(S(N)(=O)=O)cc1,WAR-XCH-b72a1bbc-4,WAR-XCH-b72a1bbc-4,-2.965,-2.155,,,8.579353,,,,,,,1.0,1.0,,False,False,
NS(=O)(=O)c1ccc(N2CCC(c3ccco3)CC2)cc1,WAR-XCH-b72a1bbc-7,WAR-XCH-b72a1bbc-7,45.9325,38.895,,5.401716,8.4662485,,,,,,,1.0,0.83,,False,False,
NS(=O)(=O)c1ccc(N2CCC(c3nc4ccccc4s3)CC2)cc1,WAR-XCH-b72a1bbc-8,WAR-XCH-b72a1bbc-8,0.0,,,-11.92429,-11.99108,,,,,,,0.76,0.52,,False,False,
COC1CCN(c2ccc(S(N)(=O)=O)cc2)CC1,WAR-XCH-b72a1bbc-9,WAR-XCH-b72a1bbc-9,29.6975,35.44,,2.984876,6.8180065,,,,,,,1.0,1.0,,False,False,
NS(=O)(=O)c1ccc(N2CCC(N3CCCCC3)CC2)cc1,WAR-XCH-b72a1bbc-10,WAR-XCH-b72a1bbc-10,0.0,0.0,,,7.786804,,,,,,,1.0,1.0,,False,False,
NS(=O)(=O)c1ccc(N2CCC(CO)CC2)cc1,WAR-XCH-b72a1bbc-14,WAR-XCH-b72a1bbc-14,-1.13,2.825,,3.9494035,7.034761,,,,,,,1.0,1.0,,False,False,
NS(=O)(=O)c1ccc(N2CCC(c3ccncc3)CC2)cc1,WAR-XCH-b72a1bbc-15,WAR-XCH-b72a1bbc-15,1.055,1.845,,0.87467985,1.6450275,,,,,,,1.0,0.94,,False,False,
NS(=O)(=O)c1ccc(N2CCC(c3ccsc3)CC2)cc1,WAR-XCH-b72a1bbc-16,WAR-XCH-b72a1bbc-16,37.4425,41.975,,7.4030895,17.089435,,,,,,,0.98,0.76,,False,False,
NS(=O)(=O)c1ccc(N2CCC([C@@H]3CCCO3)CC2)cc1,WAR-XCH-b72a1bbc-18,WAR-XCH-b72a1bbc-18,35.01,52.225,99.0,,-15.95007,,,,,,,0.99,1.0,,False,False,
NS(=O)(=O)c1ccc(N2CCC(CN3CCCCCC3)CC2)cc1,WAR-XCH-b72a1bbc-20,WAR-XCH-b72a1bbc-20,-2.465,5.22,,-5.5291585,-0.98737295,,,,,,,0.99,0.91,,False,False,
COCC1CCN(c2ccc(S(N)(=O)=O)cc2)CC1,WAR-XCH-b72a1bbc-23,WAR-XCH-b72a1bbc-23,22.33,43.96,,,-23.12265,,,,,,,0.99,1.0,,False,False,
CCSCC1CCN(c2ccc(S(N)(=O)=O)cc2)CC1,WAR-XCH-b72a1bbc-39,WAR-XCH-b72a1bbc-39,26.035,40.24,,,-25.81732,,,,,,,1.0,1.01,,False,False,
CC(C)N(C)CC1CCN(c2ccc(S(N)(=O)=O)cc2)CC1,WAR-XCH-b72a1bbc-48,WAR-XCH-b72a1bbc-48,0.0,0.0,,,-17.79275,,,,,,,1.0,0.99,,False,False,
CCN(C)CC1CCN(c2ccc(S(N)(=O)=O)cc2)CC1,WAR-XCH-b72a1bbc-49,WAR-XCH-b72a1bbc-49,0.0,0.0,,3.385399,6.021047,,,,,,,1.0,0.98,,False,False,
COC(=O)[C@H](CO)NC(=O)[C@H](Cc1ccccc1)NC(=O)OCc1ccccc1,FAR-UNI-a04c1544-1,FAR-UNI-a04c1544-1,,0.0,,1.0641173,2.6138002,,,,,,,,,,False,False,
Cc1cccc(C)c1OCC(=O)N[C@@H](Cc1ccccc1)[C@@H](O)C[C@H](Cc1ccccc1)NC(=O)[C@H](C(C)C)N1CCCNC1=O,ALE-UNK-fca05062-1,ALE-UNK-fca05062-1,0.0,,,7.217611,12.97443,,,,,,,0.83,0.53,,False,False,
CC(C)c1nc(CN(C)C(=O)N[C@H](C(=O)N[C@@H](Cc2ccccc2)C[C@H](O)[C@H](Cc2ccccc2)NC(=O)OCc2cncs2)C(C)C)cs1,ALE-UNK-fca05062-2,ALE-UNK-fca05062-2,0.0,,,2.3105455,6.7151555,,,,,,,0.82,0.32,,False,False,
Cc1cccc(C)c1OCC(=O)NCCc1ccccc1,ALE-UNK-fca05062-3,ALE-UNK-fca05062-3,0.0,0.0,,1.78359765,7.2497905,,,,,,,1.0,0.98,,False,False,
O=C(COc1ccccc1)NCCc1ccccc1,ALE-UNK-fca05062-4,ALE-UNK-fca05062-4,0.0,0.0,,-0.1782065,-0.0737995,,,,,,,1.0,1.0,,False,False,
CCCNC(=O)C(C)NC(=O)N(C)Cc1csc(C)n1,ALE-UNK-fca05062-9,ALE-UNK-fca05062-9,0.0,,,0.813694,-2.742432,,,,,,,1.0,1.0,,False,False,
CN1CCN(C(=O)CNc2c(S(N)(=O)=O)ccc3ccccc23)CC1,JAR-KUA-672ec752-3,JAR-KUA-672ec752-3,,0.0,,-0.9614865,0.3211872,,,,,,,,,,False,False,
Cc1ccncc1NC(=O)CCNc1ccc(S(N)(=O)=O)cc1,GAB-REV-70cc3ca5-3,GAB-REV-70cc3ca5-3,0.0,0.0,,,-27.10521,,,,,,,1.0,1.0,,False,False,
Cc1ccncc1NC(=O)CNc1ccnc2ccccc12,GAB-REV-70cc3ca5-4,GAB-REV-70cc3ca5-4,0.0,,,-21.6493,-18.34019,,,,,,,1.0,1.0,,False,False,
Cc1ccncc1NC(=O)CC(C)(C)NC(=O)c1cccc2[nH]ccc12,GAB-REV-70cc3ca5-6,GAB-REV-70cc3ca5-6,0.0,0.0,,,-10.42203,,,,,,,0.99,0.99,,False,False,
Cc1ccncc1NC(=O)CN(C)S(=O)(=O)c1cccc2cccnc12,GAB-REV-70cc3ca5-8,GAB-REV-70cc3ca5-8,0.0,-0.449359762613582,,43.37566,17.30223,99.0,,41.569985,-15.1198,1.85412482485333,0.702505268908235,0.99,1.0,,False,False,
Cc1ccncc1NC(=O)CNC(=O)Cc1cccnc1,GAB-REV-70cc3ca5-13,GAB-REV-70cc3ca5-13,0.0,0.0,,8.039427,-15.3538,,,,,,,1.0,1.0,,False,False,Ugi
Cc1ccncc1NC(=O)Cc1ccc2nc[nH]c2c1,GAB-REV-70cc3ca5-18,GAB-REV-70cc3ca5-18,0.0,0.0,,-2.241022,4.267136,,,,,,,0.99,0.99,,False,False,3-aminopyridine-like
Cc1ccncc1NC(=O)Cc1ccc(S(N)(=O)=O)cc1,GAB-REV-70cc3ca5-20,GAB-REV-70cc3ca5-20,6.415,-0.94,,4.7612595,10.89574,,,,,,,1.0,1.0,,False,False,3-aminopyridine-like
Cc1ccncc1NC(=O)CCc1nc2cc(Cl)ccc2o1,GAB-REV-70cc3ca5-22,GAB-REV-70cc3ca5-22,,,,10.43567,13.139165,,,,,,,,,,False,False,
Cc1ccnc(NC(=O)Cc2ccc3ccccc3c2)c1,ALV-UNI-7ff1a6f9-45,ALV-UNI-7ff1a6f9-45,0.0,,,3.570383,8.233209,,,,,,,0.98,0.94,,False,False,3-aminopyridine-like
O=C(Cc1ccc2ccccc2c1)Nc1cc(C(F)(F)F)ccn1,ALV-UNI-7ff1a6f9-46,ALV-UNI-7ff1a6f9-46,10.9925,29.335,,-2.5522446,3.4262505,,,,,,,0.9,0.38,,False,False,3-aminopyridine-like
COc1ccnc(NC(=O)Cc2ccc3ccccc3c2)c1,ALV-UNI-7ff1a6f9-47,ALV-UNI-7ff1a6f9-47,0.0,17.05,,3.4712445,6.0932985,,,,,,,0.95,0.91,,False,False,3-aminopyridine-like
CS(=O)(=O)Nc1cccc(C(=O)OCC(=O)Nc2cccc(N3CCCC3=O)c2)c1,MAK-UNK-9159f8ed-4,MAK-UNK-9159f8ed-4,,,,5.160318,3.701804,,,,,,,,,,False,False,
CS(=O)(=O)Nc1cccc(C(=O)Nc2cccc(N3CCCC3=O)c2)c1,MAK-UNK-9159f8ed-6,MAK-UNK-9159f8ed-6,0.0,,,0.8660925,5.1890295,,,,,,,1.0,0.99,,False,False,
CS(=O)(=O)Nc1cccc(C(=O)Oc2cccc(N3CCCC3=O)c2)c1,MAK-UNK-9159f8ed-7,MAK-UNK-9159f8ed-7,0.0,11.23,,,35.68456,,,,,,,0.99,0.86,,False,False,
N#Cc1cncc(NC(=O)Nc2cccnc2)c1,CHR-SOS-363cfb78-1,CHR-SOS-363cfb78-1,,,,7.068907,17.066025,,,,,,,,,,False,False,3-aminopyridine-like
CN(C)C(=O)C[C@@H]1CN(C(=O)c2cnn3c2CCC3)c2ccc(Cl)cc21,RAI-NOV-2f6a9876-1,RAI-NOV-2f6a9876-1,0.0,,,-17.53006,-10.82869,,,,,,,1.0,1.0,,False,False,
NCCn1cc(C(=O)N2CC3(CCC3)c3cc(Br)ccc32)cn1,RAI-NOV-2f6a9876-5,RAI-NOV-2f6a9876-5,,0.0,,-2.8412465,7.520213,,,,,,,,,,False,False,
OC[C@@]1(F)CCN(c2nc(-c3cccnc3)nc3sc4c(c23)CCC4)C1,RAI-NOV-2f6a9876-7,RAI-NOV-2f6a9876-7,,0.0,,1.463836415,6.0471815,,,,,,,,,,False,False,
O=C(Nc1ccc([N+](=O)[O-])cc1Cl)c1cc(Cl)ccc1O,CHR-SOS-7098f804-1,CHR-SOS-7098f804-1,,20.9801521691494,,,-22.82544,,,,,,,,,,False,False,
O=C(Nc1ccc([N+](=O)[O-])cc1Cl)c1cccc(Cl)c1,CHR-SOS-7098f804-2,CHR-SOS-7098f804-2,1.30800331755533,,,-10.83268,-11.42961,,,,,,,0.76,0.57,,False,False,
O=C(Nc1ccc([N+](=O)[O-])cc1)c1cc(Cl)ccc1O,CHR-SOS-7098f804-3,CHR-SOS-7098f804-3,2.7992195909673,5.9965688343252,,-7.243189,-15.61784,,,,,,,0.96,0.96,,False,False,
O=C(Nc1ccccc1Cl)c1cc(Cl)ccc1O,CHR-SOS-7098f804-4,CHR-SOS-7098f804-4,7.1447775625,,,5.4690375,5.5752195,,,,,,,0.91,0.7,,False,False,
O=C(Nc1ccccc1)c1cc(Cl)ccc1O,CHR-SOS-7098f804-7,CHR-SOS-7098f804-7,0.0,,,3.746236,8.4149875,,,,,,,1.0,0.89,,False,False,
O=C(Nc1cnccc1Cl)c1cc(Cl)ccc1O,CHR-SOS-7098f804-10,CHR-SOS-7098f804-10,15.5016110318792,65.9276376769994,,66.7876,75.23331,24.1845155987681,4.61646260684442,84.17718,-3.98171525,1.40340477294388,0.981526920489838,1.0,0.98,99.0,False,False,
O=C(Nc1cccnc1)c1cc(Cl)ccc1O,CHR-SOS-7098f804-11,CHR-SOS-7098f804-11,0.0,,,18.33001,22.7829,,,,,,,1.0,0.89,,False,False,
O=C(Nc1cccnc1)c1cccc(Cl)c1,CHR-SOS-7098f804-12,CHR-SOS-7098f804-12,0.0,,,5.474617,6.673363,,,,,,,1.0,0.92,,False,False,
O=C(Nc1cccnc1)c1cc(Cl)ccc1-c1ccccc1,CHR-SOS-7098f804-14,CHR-SOS-7098f804-14,2.12902402883738,,,47.4339,60.36814,39.068781630213,4.40817013214675,69.68023,-6.970283,1.13458420493925,0.954209724107119,1.0,0.97,99.0,False,False,
O=C(Nc1cnccc1Cl)c1cccc(Cl)c1,CHR-SOS-7098f804-21,CHR-SOS-7098f804-21,0.0,10.5166441451651,,-2.295603,3.232219,,,,,,,1.0,1.0,,False,False,
Cc1ccncc1NC(=O)Cc1ccccc1,TRY-UNI-714a760b-5,TRY-UNI-714a760b-5,-0.63,16.1,,8.1878345,19.47383,,,,,,,1.0,1.0,,False,False,3-aminopyridine-like
Cc1ccncc1NC(=O)Cc1cccc(Cl)c1,TRY-UNI-714a760b-6,TRY-UNI-714a760b-6,20.0252393,,13.8951649217851,61.634345,81.75696,24.5666191954425,4.60965460606728,81.55435,-4.869651,1.16292893141131,0.981362439100269,1.0,1.0,99.0,False,False,3-aminopyridine-like
Cc1ccncc1NC(=O)Nc1cccc(Cl)c1,TRY-UNI-714a760b-12,TRY-UNI-714a760b-12,25.5825,64.135,45.6892627861479,32.14497,58.708675,64.4136105144302,4.19102235706909,60.1574,2.1642895,0.989723734379618,0.985751105737583,0.99,0.96,99.0,False,False,3-aminopyridine-like
Cc1ccncc1NC(=O)C(C)C1CCCCC1,TRY-UNI-714a760b-16,TRY-UNI-714a760b-16,,,,9.2934345,18.376635,,,,,,,,,,False,False,3-aminopyridine-like
Cc1ccncc1NC(=O)C(C)c1cccc(Cl)c1,TRY-UNI-714a760b-18,TRY-UNI-714a760b-18,20.37830295,,12.9676931084341,58.02024,78.712695,26.1796376915625,4.58203636808488,79.93114,-4.3285785,1.14287240248052,0.977956981867235,1.0,1.0,99.0,False,False,3-aminopyridine-like
Cc1ccncc1NC(=O)Cc1cccc(C#N)c1,TRY-UNI-714a760b-20,TRY-UNI-714a760b-20,20.495,52.68,43.8470509906189,33.561645,58.318795,61.3302720094334,4.21232510914368,59.517955,-1.5248405,1.12034848704508,0.97492952957075,1.0,1.01,99.0,False,False,3-aminopyridine-like
Cc1ccncc1NC(=O)C(C)c1cccc(C#N)c1,TRY-UNI-714a760b-22,TRY-UNI-714a760b-22,21.0225,58.415,45.3119234238456,35.40893,61.411195,54.9421036995899,4.26009471572667,63.944905,-0.59026065,1.05620061506432,0.993968568700181,1.0,1.0,99.0,False,False,3-aminopyridine-like
Cc1ccncc1NC(=O)Nc1cccc(C#N)c1,TRY-UNI-714a760b-24,TRY-UNI-714a760b-24,23.7925,55.705,49.3292130545732,19.37242,44.289915,99.01,,29.380485,-14.4305685,0.908476190113345,0.590879935072415,1.0,0.97,99.0,False,False,3-aminopyridine-like
COc1cc(NC(=O)C(=O)Nc2cc(OC)c(OC)c(OC)c2)cc(OC)c1OC,ANT-LOU-17aa1493-2,ANT-LOU-17aa1493-2,0.456114410820511,,,-9.400735,4.05469,,,,,,,0.99,0.92,,False,False,
O=C(CC(=O)N1CCOCC1)NC1CCCCC1,GIA-UNK-3f36037a-1,GIA-UNK-3f36037a-1,0.0,0.0,,19.80961,6.012231,,,,,,,0.99,1.0,,False,False,
O=C(CC(=O)N1CCOCC1)Nc1ccccc1,GIA-UNK-3f36037a-2,GIA-UNK-3f36037a-2,0.0,0.0,,,-26.9467,,,,,,,1.0,1.01,,False,False,
O=C(CC(=O)N1CCOCC1)NCc1ccccc1,GIA-UNK-3f36037a-6,GIA-UNK-3f36037a-6,0.0,0.0,,-1.438364,15.13225,,,,,,,0.99,1.0,,False,False,
O=C(CC(=O)Nc1ccncc1)Nc1ccccc1,GIA-UNK-3f36037a-7,GIA-UNK-3f36037a-7,0.0,0.0,,,11.9675,,,,,,,1.0,1.0,,False,False,
C=C(CN(C)C)C(=O)N1Cc2ccccc2C(c2ccccc2)C1,REN-UFA-aaaed2d6-3,REN-UFA-aaaed2d6-3,0.0,,,0.7352351,10.25509,,,,,,,1.0,0.97,,False,False,
CNCCN(C)C(=O)C(=O)N1Cc2ccccc2C(c2ccccc2)C1,REN-UFA-aaaed2d6-5,REN-UFA-aaaed2d6-5,,0.0,,-1.8257439,-2.8297705,,,,,,,,,,False,False,
CN(CCC(N)=O)C(=O)C(=O)N1Cc2ccccc2C(c2ccccc2)C1,REN-UFA-aaaed2d6-6,REN-UFA-aaaed2d6-6,,0.0,,-0.75622525,-0.8029685,,,,,,,,,,False,False,
O=C(CC(CS[Au])C(=O)O[Na])O[Na],JOH-UNI-42710746-1,JOH-UNI-42710746-1,,39.1032061158436,,,,,,,,,,,,,False,False,
O=C(Nc1cccc(C(=O)N2CCSCC2)c1)C(F)Cl,JOO-IND-6372a4f3-2,JOO-IND-6372a4f3-2,0.0,0.0,,-13.77041,-16.87734,,,,,,,1.0,1.0,,False,False,
C=CC(=O)N1CCN(Cc2cccc3ccccc23)CC1,JOO-IND-6372a4f3-4,JOO-IND-6372a4f3-4,0.0,,,-4.318302,3.347547,,,,,,,1.0,0.99,,True,False,
O=C(C(F)Cl)N1CCN(Cc2cccc3ccccc23)CC1,JOO-IND-6372a4f3-6,JOO-IND-6372a4f3-6,,9.10758553868595,,20.4667,29.471705,,,,,,,,,,False,False,piperazine-chloroacetamide
C=CC(=O)N1CCCC(c2nc3ccccc3s2)C1,JOO-IND-b13e14cc-1,JOO-IND-b13e14cc-1,0.0,0.0,,,14.52348,,,,,,,0.99,0.99,,True,False,
O=C(C(F)Cl)N1CCCC(c2nc3ccccc3s2)C1,JOO-IND-b13e14cc-2,JOO-IND-b13e14cc-2,0.0,0.0,,7.098711,16.18234,,,,,,,0.99,0.99,,False,False,
CC(=O)O[C@@H]1OC2OC(=O)[C@H](C)C3=C([C@@]4(C)CCCC(C)(C)C4)CCC1C32,MAR-UNI-c84db004-1,MAR-UNI-c84db004-1,,0.0,,,,,,,,,,,,,False,False,
COc1ccc2c(=O)cc(-c3cc(OCc4ccccc4)ccc3OC)oc2c1,MAR-UNI-c84db004-2,MAR-UNI-c84db004-2,,1.97634204421257,,,,,,,,,,,,,False,False,
C[N+]1=C2C=C(NCCc3ccc(O)cc3)C(=O)c3[nH]cc(c32)CC1,MAR-UNI-c84db004-3,MAR-UNI-c84db004-3,,2.74224571734702,,,,,,,,,,,,,False,False,
C[N+]1=C2C=C(N/C=C/c3ccc(O)cc3)C(=O)c3[nH]cc(c32)CC1,MAR-UNI-c84db004-4,MAR-UNI-c84db004-4,,8.91414030555444,,,,,,,,,,,,,False,False,
COc1ccc(OCc2ccccc2)cc1-c1cc(=O)c2ccccc2o1,MAR-UNI-c84db004-5,MAR-UNI-c84db004-5,,7.52173001121342,,,,,,,,,,,,,False,False,
O=c1ccc2c3ccc(=O)c4c(O)ccc(c5ccc(O)c1c52)c43,MAR-UNI-c84db004-6,MAR-UNI-c84db004-6,,42.513805622209,,,,,,,,,,,,,False,False,
COc1ccc2c(=O)cc(-c3ccc(OCc4ccccc4)cc3)oc2c1,MAR-UNI-c84db004-7,MAR-UNI-c84db004-7,,10.6733870218865,,,,,,,,,,,,,False,False,
C=C1CCC[C@@H]2[C@]1(C)CC[C@H](C)[C@@]2(C)CC1=C(O)C(=O)C=C(OC)C1=O,MAR-UNI-c84db004-8,MAR-UNI-c84db004-8,,2.34576671439048,,,,,,,,,,,,,False,False,
O=c1cc(-c2ccc(OCc3ccccc3)cc2)oc2ccccc12,MAR-UNI-c84db004-9,MAR-UNI-c84db004-9,,35.9224913669307,,,,,,,,,,,,,False,False,
C/C=C1\C(C2(C)CCCC(C)(C)C2)=CCC2C1[C@@H](OC(C)=O)O[C@H]2OC(C)=O,MAR-UNI-c84db004-10,MAR-UNI-c84db004-10,,0.0,,,,,,,,,,,,,False,False,
CC(C)C1=C(O)C(=O)C2=C(CC[C@H]3C(C)(C)CCC[C@]23C)C1=O,MAR-UNI-c84db004-11,MAR-UNI-c84db004-11,,10.1886804202366,,,,,,,,,,,,,False,False,
Cc1cc(O)c2c3c(ccc2c1)C(=O)c1c(O)cccc1C3=O,MAR-UNI-c84db004-12,MAR-UNI-c84db004-12,,4.9985369003882,,,,,,,,,,,,,False,False,
C[C@H]1O[C@H](C)C2Oc3cc(O)c4c(=O)c5c6c7c8c(cc(=O)c9c(O)c1c2c(c3c47)c98)O[C@@H]6[C@@H](C)O[C@@H]5C,MAR-UNI-c84db004-13,MAR-UNI-c84db004-13,,0.0,,,,,,,,,,,,,False,False,
COc1cc2c(c3ccccc13)OC(C)(C)CC2Oc1cc2c(cc1C)C(=O)c1ccccc1C2=O,MAR-UNI-c84db004-14,MAR-UNI-c84db004-14,,3.99920076992206,,,,,,,,,,,,,False,False,
CC(C)(O)CC1C2=C(Oc3c1c1c(c4ccccc34)OC(C)(C)C=C1)C(=O)c1ccccc1C2=O,MAR-UNI-c84db004-15,MAR-UNI-c84db004-15,,3.91946362311976,,,,,,,,,,,,,False,False,
Cc1cc(O)c2c(c1)C1(O)CC(C2=O)C2=C1C(=O)c1c(O)cccc1C2=O,MAR-UNI-c84db004-16,MAR-UNI-c84db004-16,,81.0585735652709,,,,,,,,,,,,,False,False,
Cc1cc2c(c(O)c1-c1c(C)cc(O)c3c1C(=O)C=CC3=O)C(=O)C=CC2=O,MAR-UNI-c84db004-17,MAR-UNI-c84db004-17,,124.969268439633,,,,,,,,,,,,,False,False,
O=c1c(O)c(-c2cc(OCc3ccccc3)ccc2OCc2ccccc2)oc2ccccc12,MAR-UNI-c84db004-18,MAR-UNI-c84db004-18,,0.253713487907767,,,,,,,,,,,,,False,False,
CC12CCCC(O1)c1c(cc3c(c1O)C(=O)c1c(O)cc(O)cc1C3=O)O2,MAR-UNI-c84db004-19,MAR-UNI-c84db004-19,,26.4240828135562,,,,,,,,,,,,,False,False,
COc1ccc2c(=O)c(O)c(-c3ccc(OCc4ccccc4)c(OCc4ccccc4)c3)oc2c1,MAR-UNI-c84db004-20,MAR-UNI-c84db004-20,,14.0920491374908,,,,,,,,,,,,,False,False,
Cc1ccc2nc(-c3ccc(N)cc3)sc2c1S(=O)(=O)O,AAR-POS-dddeddbf-1,AAR-POS-dddeddbf-1,,0.0,,,21.22053,,,,,,,,,,False,False,
Cc1cc(S(=O)(=O)c2c([N+](=O)[O-])cc(C(F)(F)F)cc2[N+](=O)[O-])c(Cl)cc1Cl,AAR-POS-dddeddbf-2,AAR-POS-dddeddbf-2,,34.7604697701547,,,9.609669,,,,,,,,,,False,False,
Nc1ncc(S(=O)(=O)c2ccc(Cl)cc2)c(N)n1,AAR-POS-dddeddbf-3,AAR-POS-dddeddbf-3,,0.0,,,-22.07252,,,,,,,,,,False,False,
CC(=O)Oc1ccccc1C(=O)Nc1ncc([N+](=O)[O-])s1,AAR-POS-dddeddbf-4,AAR-POS-dddeddbf-4,,0.0,,,-8.71805,,,,,,,,,,False,False,
C[C@@H]1CS/C(=N\NC(=O)C(=O)C(NC(=O)C2CCCCCC2)C2CCOCC2)N1C,AAR-POS-dddeddbf-5,AAR-POS-dddeddbf-5,,21.0356053348251,,,2.635229,,,,,,,,,,False,False,
CCOCC1CCN(c2ccc(S(N)(=O)=O)cc2)CC1,WAR-XCH-b6889685-20,WAR-XCH-b6889685-20,21.845,44.64,,,7.410343,,,,,,,1.0,1.0,,False,False,
CC(C)NC1CCN(c2ccc(S(N)(=O)=O)cc2)CC1,WAR-XCH-b6889685-23,WAR-XCH-b6889685-23,0.29,0.505,,-1.266965,-1.56316695,,,,,,,1.0,0.98,,False,False,
Cc1ccc(NC2CCN(c3ccc(S(N)(=O)=O)cc3)CC2)cc1,WAR-XCH-b6889685-25,WAR-XCH-b6889685-25,28.4325,39.995,,2.66913,5.6181615,,,,,,,0.92,0.84,,False,False,
NS(=O)(=O)c1ccc(N2CCC(Nc3ccc(F)cc3)CC2)cc1,WAR-XCH-b6889685-26,WAR-XCH-b6889685-26,3.795,50.235,39.2184067454645,,8.08401,,,,,,,1.0,0.89,,False,False,
Cc1cccc(NC2CCN(c3ccc(S(N)(=O)=O)cc3)CC2)c1,WAR-XCH-b6889685-27,WAR-XCH-b6889685-27,39.385,45.87,,-2.588312,-0.83843525,,,,,,,0.96,0.87,,False,False,
NS(=O)(=O)c1ccc(N2CCC(Nc3ccccc3)CC2)cc1,WAR-XCH-b6889685-29,WAR-XCH-b6889685-29,27.25,21.99,,,9.570042,,,,,,,1.0,1.0,,False,False,
Cc1ccccc1NC1CCN(c2ccc(S(N)(=O)=O)cc2)CC1,WAR-XCH-b6889685-30,WAR-XCH-b6889685-30,25.2025,37.635,,4.975324,7.2214665,,,,,,,0.91,0.91,,False,False,
CC(C)(C)N1C=CN(C(C)(C)C)C1[Au]Cl,JOH-UNI-44664832-1,JOH-UNI-44664832-1,,123.705840589414,,,,,,,,,,,,,False,False,
CCP(CC)(CC)=[Au]S[C@@H]1O[C@H](COC(C)=O)[C@@H](OC(C)=O)[C@H](OC(C)=O)[C@H]1OC(C)=O,JOH-UNI-44664832-2,JOH-UNI-44664832-2,,128.827481376098,,,,,,,,,,,,,False,False,
OC[C@H]1O[C@H](S[Au])[C@H](O)[C@@H](O)[C@@H]1O,JOH-UNI-44664832-3,JOH-UNI-44664832-3,,83.1443410022275,,,,,,,,,,,,,False,False,
Cc1nc(CCn2c(C3CCC(=O)N3)nnc2N2CCOC(C)(C)C2)n[nH]1,KUS-THE-322b9b63-5,KUS-THE-322b9b63-5,,,,-0.233308,2.2273706,,,,,,,,,,False,False,
O=C1CN(c2nnc(C3CCC(=O)N3)n2CCn2cc(Cl)cn2)CCN1,KUS-THE-322b9b63-7,KUS-THE-322b9b63-7,,,,-2.2617907,-0.405427745,,,,,,,,,,False,False,
CC(C)(Cn1c(C2CCC(=O)N2)nnc1N1CCCC(C(N)=O)C1)c1ccccc1F,KUS-THE-322b9b63-14,KUS-THE-322b9b63-14,,,,-2.80455575,6.5100115,,,,,,,,,,False,False,
NC(=O)C1CCN(c2nnc(C3CCC(=O)N3)n2CCc2cc(F)cc(F)c2)CC1,KUS-THE-322b9b63-16,KUS-THE-322b9b63-16,,,,1.2686122,3.8341885,,,,,,,,,,False,False,
CC(C)(C)C(=O)C(C#N)C(=O)Nc1ccc(Cl)cc1,JOH-UNI-c7afdb96-1,JOH-UNI-c7afdb96-1,,0.0,,,,,,,,,,,,,False,False,
N#C/C(C(=O)Nc1ccc(F)cc1)=C(/O)c1ccc(Cl)cc1,JOH-UNI-c7afdb96-2,JOH-UNI-c7afdb96-2,,128.827481376098,,,22.17159,,,,,,,,,,False,False,
N#CC(C(=O)Nc1ccccc1)C(=O)c1cccs1,JOH-UNI-c7afdb96-3,JOH-UNI-c7afdb96-3,,0.0,,,,,,,,,,,,,False,False,
N#CC(C(=O)Nc1ccccc1)C(=O)c1cccc(Cl)c1,JOH-UNI-c7afdb96-4,JOH-UNI-c7afdb96-4,0.0,0.0,,24.08938,43.98549,,,,,,,0.98,0.98,,False,False,
N#CC(C(=O)Nc1cccc(Cl)c1)C(=O)c1cccs1,JOH-UNI-c7afdb96-5,JOH-UNI-c7afdb96-5,0.0,0.0,,,31.82088,,,,,,,1.0,1.0,,False,False,
Cc1cccc(NC(=O)C(C#N)C(=O)C2CCCC2)c1,JOH-UNI-c7afdb96-6,JOH-UNI-c7afdb96-6,0.78038184409521,0.0,,,-8.282147,,,,,,,1.0,1.0,,False,False,
Cc1cccc(NC(=O)C(C#N)C(=O)C2CCC2)c1,JOH-UNI-c7afdb96-7,JOH-UNI-c7afdb96-7,0.951138168964711,0.0,,,1.604914,,,,,,,0.99,0.99,,False,False,
Cc1cccc(NC(=O)C(C#N)C(=O)C2CC2)c1,JOH-UNI-c7afdb96-8,JOH-UNI-c7afdb96-8,0.422178262051062,0.517452254727338,,,5.884684,,,,,,,0.99,0.99,,False,False,
CCCSCC(=O)C(C#N)C(=O)Nc1ccccc1F,JOH-UNI-c7afdb96-9,JOH-UNI-c7afdb96-9,0.68034050732102,2.12258608657461,,,-9.470972,,,,,,,1.0,1.0,,False,False,
CCCSCC(=O)C(C#N)C(=O)Nc1ccc(F)cc1F,JOH-UNI-c7afdb96-10,JOH-UNI-c7afdb96-10,3.0581566016015,3.54431043097207,,,21.7555,,,,,,,1.01,1.01,,False,False,
Cc1ccc(NC(=O)C(C#N)C(=O)CC(C)C)cc1,JOH-UNI-c7afdb96-11,JOH-UNI-c7afdb96-11,3.10633281046229,0.0,,,21.51773,,,,,,,0.99,1.0,,False,False,
CC(C)(C)CC(=O)C(C#N)C(=O)Nc1ccccc1,JOH-UNI-c7afdb96-12,JOH-UNI-c7afdb96-12,2.52244289589944,0.0,,,21.57717,,,,,,,1.0,1.0,,False,False,
Cc1cccc(NC(=O)C(C#N)C(=O)CC(C)C)c1,JOH-UNI-c7afdb96-13,JOH-UNI-c7afdb96-13,0.0,0.0,,,-0.2575788,,,,,,,1.0,1.0,,False,False,
CCC(CC)C(=O)C(C#N)C(=O)Nc1ccc(F)cc1,JOH-UNI-c7afdb96-14,JOH-UNI-c7afdb96-14,0.0,0.0,,,-16.20765,,,,,,,1.0,1.0,,False,False,
C/C(O)=C(\C#N)C(=O)Nc1ccc(C(F)(F)F)cc1,JOH-UNI-c7afdb96-16,JOH-UNI-c7afdb96-16,,22.2211172153464,,,,,,,,,,,,,False,False,
Cc1oncc1C(=O)Nc1ccc(C(F)(F)F)cc1,JOH-UNI-c7afdb96-18,JOH-UNI-c7afdb96-18,,0.0,,,,,,,,,,,,,False,False,
C=CC(=O)N1CCCC(N(CC2CCCCC2)C2CCC(O)CC2)C1,WAR-XCH-72a8c209-9,WAR-XCH-72a8c209-9,,,,-4.465255,-0.824094,,,,,,,,,,True,False,
C=CC(=O)Nc1cc(C(=O)NC[C@H](Cc2ccccc2)c2ccccn2)ccc1O,JUA-UNI-bc099708-5,JUA-UNI-bc099708-5,0.0,,,0.683865,9.484211,,,,,,,0.83,0.82,,True,False,
O=C(CCl)Nc1cccc(N2CCCC2=O)c1,LON-WEI-8f408cad-1,LON-WEI-8f408cad-1,,,99.0,27.11235,51.42713,70.328583055413,4.15286813244319,57.50123,-7.6242005,1.25904240651616,0.943139826441702,1.0,1.0,99.0,False,True,
O=C(CCl)N1CCN(S(=O)(=O)c2c(F)cccc2F)CC1,LON-WEI-8f408cad-2,LON-WEI-8f408cad-2,98.6225,99.205,2.62321369026417,98.65946,103.96275,3.2845112447793,5.48352924695279,97.39301,14.90408,1.43018608040716,0.989646001332796,0.96,0.88,99.0,False,True,piperazine-chloroacetamide
O=C(CCl)N1CCN(S(=O)(=O)c2cccs2)CC1,LON-WEI-8f408cad-3,LON-WEI-8f408cad-3,97.8875,97.79,0.556543843367161,99.2957,99.55992,2.16182906157181,5.66517864921299,99.409745,23.85637,1.36071902231302,0.993504938578412,1.0,1.0,99.0,False,True,piperazine-chloroacetamide
O=C(CCl)N1CCN(S(=O)(=O)c2cccc(F)c2)CC1,LON-WEI-8f408cad-4,LON-WEI-8f408cad-4,96.62,96.84,2.02356071032967,97.289005,103.54665,4.55048873816837,5.34194195611417,99.85243,13.280865,1.3230822523249,0.991878558601822,1.0,1.0,99.0,False,True,piperazine-chloroacetamide
O=C(CCl)N1CCN(Cc2cccs2)CC1,LON-WEI-8f408cad-5,LON-WEI-8f408cad-5,,,3.3163834595747,94.48812,98.998055,6.19210917827055,5.20816139484738,97.83571,8.6571565,1.23041939994132,0.995005972303825,1.0,1.0,99.0,False,True,piperazine-chloroacetamide
O=C(CCl)N1CCN(Cc2ccsc2)CC1,LON-WEI-8f408cad-7,LON-WEI-8f408cad-7,,,1.13730220783606,98.779325,99.437475,3.49772002955534,5.45621495600238,99.06542,14.36301,1.28817826725499,0.996357073318457,1.0,0.99,99.0,False,True,piperazine-chloroacetamide
C=CC(=O)N(c1ccc(C(C)(C)C)cc1)C(C(=O)NC(C)(C)C)c1cccnc1,LON-WEI-8f408cad-8,LON-WEI-8f408cad-8,0.0,16.09,,12.660735,27.208785,99.0,,39.253875,-7.564599,1.11801375325365,0.908016755402429,0.96,0.89,,True,False,Ugi
C=CC(=O)N(c1ccc(N(C)C)c(C)c1)C(C(=O)NC(C)(C)C)c1cccnc1,LON-WEI-8f408cad-9,LON-WEI-8f408cad-9,0.0,14.385,,2.885272,8.796061,,,,,,,0.98,0.95,,True,False,Ugi
C=CC(=O)N(c1ccc(N(C)C)c(C)c1)C(C(=O)Nc1ccc(OC)cc1)c1cccnc1,LON-WEI-8f408cad-10,LON-WEI-8f408cad-10,0.0,2.05,,2.561375,7.0507175,,,,,,,0.88,0.77,,True,False,3-aminopyridine-like
CCc1ccccc1Nc1nc(N)nc(CSc2nnc3ccccn23)n1,SER-UNI-985a0e14-4,SER-UNI-985a0e14-4,-0.805194601743985,3.36688000254456,,20.90122,46.58644,,,,,,,0.99,0.95,,False,False,
NS(=O)(=O)c1ccc(C(=O)N2Cc3ccccc3C(c3ccccc3)C2)cc1,JAR-IMP-ed466bb3-13,JAR-IMP-ed466bb3-13,0.0,,,0.8090796,8.227742,,,,,,,0.95,0.96,,False,False,
O=C(CCl)N1CCN(C(c2ccccc2)c2ccccc2)CC1,SIM-SYN-f15aaa3a-1,SIM-SYN-f15aaa3a-1,100.423677336878,100.423677336878,0.385836738298307,,108.1038,1.9753874756434,5.70434770407364,100.7543,27.27835,1.44054596209658,0.95975066028068,-0.2,0.01,99.0,False,True,piperazine-chloroacetamide
Cc1ccc(S(=O)(=O)NC2CCN(C(=O)CCl)CC2)cc1,WAR-XCH-79d12f6e-4,WAR-XCH-79d12f6e-4,54.869692719237,,18.4784572700529,25.13284,59.26949,33.5410302443085,4.47442360176134,81.00129,1.2177005,1.25304561194531,0.968675540564322,1.0,1.01,99.0,False,True,
Cc1ccc(C)c(S(=O)(=O)N2CCN(C(=O)CCl)CC2)c1,WAR-XCH-79d12f6e-6,WAR-XCH-79d12f6e-6,90.8478520270466,96.2866818206516,1.62336890299448,,101.1492,14.2164854520191,4.84720775504424,91.04736,-6.39297565,1.33415205340071,0.951398970593667,0.99,0.98,99.0,False,True,piperazine-chloroacetamide
Cc1ccc(S(=O)(=O)N2CCC(NC(=O)N(C)Cc3cc(C)on3)CC2)cc1,SIM-SYN-3099a863-1,SIM-SYN-3099a863-1,,0.0,,-1.096527,2.60272495,,,,,,,,,,False,False,
CC(C(=O)O)c1ccc2c(c1)[nH]c1ccc(Cl)cc12,MAK-UNK-0d6072ac-4,MAK-UNK-0d6072ac-4,0.0,,,-0.54754295,3.9667165,,,,,,,1.0,0.98,,False,False,
O=C(CCl)N1CCN(Cc2cc(O)ccc2O)CC1,NEH-REV-107bcf72-5,NEH-REV-107bcf72-5,63.9180041648472,89.8538058394545,9.28315023397583,57.36118,74.50492,37.4070562914493,4.42704646679995,76.61412,-7.938211,1.44638541349237,0.937028790380959,0.99,0.99,99.0,False,True,piperazine-chloroacetamide
CC(=O)N[C@@H](Cc1ccc(O)cc1)C(=O)NCc1ccc(Br)cc1,NIC-BIO-a68395b7-5,NIC-BIO-a68395b7-5,0.0,,,-20.08251,-24.75303,,,,,,,1.0,0.99,,False,False,Ugi
C#CCN1CCN(C(=O)CCl)CC1,TOB-UNK-c2aba166-1,TOB-UNK-c2aba166-1,6.85682273681733,7.12164094611649,,,27.16465,,,,,,,1.0,1.0,,False,True,piperazine-chloroacetamide
C#CCN1CCN(C(=O)C=C)CC1,TOB-UNK-c2aba166-2,TOB-UNK-c2aba166-2,3.23499381421805,,,-18.5992,-14.95015,,,,,,,1.01,1.01,,True,False,
CC(=O)N1CCN(S(=O)(=O)C2=CC[SH]=C2)CC1,MAK-UNK-23561bf6-1,MAK-UNK-23561bf6-1,0.0,3.625,,,-20.6063,,,,,,,0.99,1.0,,False,False,
O=C(CCl)N1CCN(Cc2cc(Cl)cc(Cl)c2)CC1,PAU-UNI-8cdd41c7-1,PAU-UNI-8cdd41c7-1,100.0,100.0,0.475467581525766,76.88183,69.11789,1.88943429591092,5.72366820584777,88.682215,25.570615,0.935119025364296,0.939187370756731,1.0,1.0,99.0,False,True,piperazine-chloroacetamide
C=CC(=O)N1CCN(S(C)(=O)=O)CC1c1ccccc1,NAU-LAT-f723e322-4,NAU-LAT-f723e322-4,,0.0,,-0.4375305,2.885148,,,,,,,,,,True,False,
CS(=O)(=O)N1CCc2ccc(CN3CCN(C(=O)CCl)CC3)cc2C1,TAM-UNI-d1c3dd9f-5,TAM-UNI-d1c3dd9f-5,,71.7997904938334,,29.93032,62.504155,40.1854334103738,4.39593134333166,81.61782,-2.7098795,1.70114946687507,0.995705560585968,,,99.0,False,True,piperazine-chloroacetamide
O=C(CCl)N1CCN(Cc2cccc(CNC(=O)N3CCOCC3)c2)CC1,TAM-UNI-d1c3dd9f-12,TAM-UNI-d1c3dd9f-12,,,,11.710765,32.381265,,,,,,,,,,False,True,piperazine-chloroacetamide
CC(=O)Nc1ccc(C#N)cc1CN1CCN(C(=O)CCl)CC1,TAM-UNI-d1c3dd9f-18,TAM-UNI-d1c3dd9f-18,59.2476533965623,,17.492411393975,20.5609,43.35726,,,,,,,1.0,1.01,,False,True,piperazine-chloroacetamide
C=C(C(=O)Nc1ccccc1)c1cccnc1,BEN-DND-031a96cc-8,BEN-DND-031a96cc-8,0.0,,,-18.00844,-18.74687,,,,,,,1.0,1.0,,False,False,3-aminopyridine-like
O=C(O)c1cn(-c2ccc(F)cc2)c2cc(N3CCNCC3)c(F)cc2c1=O,GER-UNI-caecb3b0-1,GER-UNI-caecb3b0-1,,19.9988012145019,,,,,,,,,,,,,False,False,
CC(=O)N[C@@H](Cc1ccc(O)cc1)C(=O)NC(CN1CCN(C(=O)CCl)CC1)c1ccccc1,NIM-UNI-ed9fc491-4,NIM-UNI-ed9fc491-4,,,,21.328235,41.166635,,,,,,,,,,False,True,Ugi
C=CC(=O)N1CCCN(Cc2ccccc2)CC1,ANT-OPE-c0c3e7cc-1,ANT-OPE-c0c3e7cc-1,0.0,,,0.9471369,9.994081,,,,,,,1.0,1.0,,True,False,
O=C(CCl)N1CCN(Cc2cnc(-c3ccccc3)nc2)CC1,MAK-UNK-af83ef51-1,MAK-UNK-af83ef51-1,,0.0,,6.1794385,15.749255,,,,,,,,,,False,True,piperazine-chloroacetamide
CC(CCc1ccccc1)N1CCN(C(=O)CCl)CC1,MAK-UNK-af83ef51-2,MAK-UNK-af83ef51-2,62.5519327363892,91.0912970400867,13.5830274185255,44.96813,60.7384,20.2707244565286,4.69313072975542,86.39975,-4.3474145,1.49895436132363,0.988930160455252,1.0,1.0,99.0,False,True,piperazine-chloroacetamide
O=S1(=O)CCC(N2CCN(c3nc(-c4cccnc4)nc4ccccc34)CC2)C1,AUS-ARG-7cfdce8f-15,AUS-ARG-7cfdce8f-15,0.0,0.0,,12.95491,14.09733,,,,,,,1.0,0.94,,False,False,
C=CC(=O)N1CCN(Cc2ccc(F)cc2)CC1,ANT-OPE-d972fbad-1,ANT-OPE-d972fbad-1,,0.0,,7.924162,11.4243,,,,,,,,,,True,False,
CN(C)C/C=C/C(=O)Nc1c[nH]c2ccccc12,ANT-OPE-ab37bd51-1,ANT-OPE-ab37bd51-1,0.0,,,5.801615,22.53145,,,,,,,1.0,1.0,,False,False,
CN(C)C/C=C/C(=O)NCc1c[nH]c2ccccc12,ANT-OPE-ab37bd51-2,ANT-OPE-ab37bd51-2,0.0,,,3.862392,0.7435621,,,,,,,0.96,0.98,,False,False,
CC(C)[C@H](NC(=O)OCc1ccccc1)C(=O)NC(C=O)Cc1ccccc1,MAT-POS-bfefc3ea-2,MAT-POS-bfefc3ea-2,,0.0,,,,,,,,,,,,,False,False,
CC(C)C[C@H](NC(=O)OCc1ccccc1)C(=O)N[C@H](C(=O)NCC(=O)C=[N+]=[N-])C(C)C,MAT-POS-bfefc3ea-3,MAT-POS-bfefc3ea-3,,15.2871165635052,,,11.49197,,,,,,,,,,False,False,Ugi
COc1cccc(CNC(=O)N2CCN(C(=O)N3CCCCC3)CC2)c1,LUI-IND-2c46affe-3,LUI-IND-2c46affe-3,,0.0,,-3.3111865,-0.332263,,,,,,,,,,False,False,
N#Cc1ccc(Nc2ccc(NC(=O)Nc3cccnc3)cc2)nc1,MAK-UNK-30aad1f1-12,MAK-UNK-30aad1f1-12,0.0,0.0,,-1.306728,-3.696566,,,,,,,1.0,0.91,,False,False,3-aminopyridine-like
Cc1ccncc1NC(=O)c1cccc(NC(=O)Nc2cccnc2)c1,MAK-UNK-129dcd6f-9,MAK-UNK-129dcd6f-9,2.37777088240865,1.27094638795218,,,-23.32078,,,,,,,1.0,1.0,,False,False,3-aminopyridine-like
Cc1ccncc1NC(=O)c1ccc(NC(=O)Nc2cccnc2)cc1,MAK-UNK-129dcd6f-12,MAK-UNK-129dcd6f-12,3.09706165235309,0.0,,,-23.02358,,,,,,,1.0,0.99,,False,False,3-aminopyridine-like
CC(=O)N1CCN(Cc2cn(-c3cccc(S(N)(=O)=O)c3)nn2)CC1,NIM-UNI-02269248-3,NIM-UNI-02269248-3,2.3025,5.73,,-2.75353,1.362205,,,,,,,0.95,0.97,,False,False,
CC(Cl)C(=O)N1CCC(C(=O)N2CCCCC2)CC1,BRU-LEF-cf996d6c-1,BRU-LEF-cf996d6c-1,0.0,0.0,,-11.85045,-26.98675,,,,,,,0.99,1.0,,False,False,
CNC(=O)c1ccc(CS(=O)(=O)NCC(F)(F)c2ccc(F)cc2F)cc1,VIJ-CYC-1a381570-3,VIJ-CYC-1a381570-3,,0.0,,6.865444,9.7906775,,,,,,,,,,False,False,
C=C1CC1C(=O)NC(C)c1ccc(S(=O)(=O)NC)cc1,VIJ-CYC-1a381570-5,VIJ-CYC-1a381570-5,0.0,0.0,,-2.667452,-0.9716629,,,,,,,1.0,1.0,,False,False,
C=CC(=O)NCc1ccc(C(C)NC(=O)OC(C)(C)C)cc1,VIJ-CYC-1a381570-10,VIJ-CYC-1a381570-10,0.0,0.0,,,6.835744,,,,,,,1.0,1.01,,True,False,
CNS(=O)(=O)c1ccc(C(C)NC(=O)NC(C)(C)C)cc1,VIJ-CYC-1a381570-11,VIJ-CYC-1a381570-11,0.0,0.0,,-0.8088335,-0.249829325,,,,,,,1.0,1.0,,False,False,
CC(C)[C@@H](C#N)NS(=O)(=O)c1ccc(CF)cc1,VIJ-CYC-1a381570-12,VIJ-CYC-1a381570-12,1.55,22.11,,,-13.98851,,,,,,,1.0,1.0,,False,False,
COC(=O)c1sc(NS(=O)(=O)c2ccc(CF)cc2)nc1C(C)(C)C,VIJ-CYC-1a381570-13,VIJ-CYC-1a381570-13,0.0,0.0,,,-7.76699,,,,,,,1.0,0.99,,False,False,
CC(=O)N1CCN(C(=O)Cc2ccccn2)CC1,JON-UIO-066ce08b-3,JON-UIO-066ce08b-3,0.0,0.0,,-0.51655985,3.515198,,,,,,,1.0,1.0,,False,False,
C[C@H](NC(=O)[C@@H](C)c1ccc(F)c(F)c1)c1cccc(F)c1,JON-UIO-066ce08b-7,JON-UIO-066ce08b-7,0.0,0.0,,,-31.42461,,,,,,,1.0,0.79,,False,False,
Cc1ccccc1CN1CCN(C(=O)C(F)C(C)C)CC1,JON-UIO-066ce08b-9,JON-UIO-066ce08b-9,0.0,10.335,,2.7382665,6.7028125,,,,,,,1.0,1.0,,False,False,
COc1ccc2[nH]cc(CCNS(C)(=O)=O)c2c1,MAR-UNI-9ca61fdc-1,MAR-UNI-9ca61fdc-1,0.0,,,-4.1875715,-4.3947805,,,,,,,0.92,0.86,,False,False,
O=C(CCl)N1CCN(S(=O)(=O)c2ccc(Cc3cccc4ccccc34)cc2)CC1,MED-COV-4280ac29-5,MED-COV-4280ac29-5,,88.9752769260667,,20.639545,29.89257,,,,,,,,,,False,True,piperazine-chloroacetamide
CC1CN(Cc2cccc(Cl)c2)CCN1C(=O)CCl,MED-COV-4280ac29-13,MED-COV-4280ac29-13,94.5607983132275,100.0,99.0,88.25389,93.8952,7.73331386482561,5.11163436315757,88.69798,2.99495605,1.29215009969746,0.985446076301246,0.99,0.99,99.0,False,True,piperazine-chloroacetamide
C=CC(=O)N1CCN(C(=O)c2cccc(Cl)c2)CC1,MED-COV-4280ac29-14,MED-COV-4280ac29-14,0.0,0.0,,,5.54785,,,,,,,0.99,0.99,,True,False,
O=C(CCl)N1CCN(Cc2cccc(Cl)c2)CC1,MED-COV-4280ac29-15,MED-COV-4280ac29-15,99.8384868979829,100.423677336878,0.545448360764436,,108.2425,3.13741398194606,5.50342817234063,99.02312,10.040808,1.32852989557444,0.983892164020482,1.0,1.0,99.0,False,True,piperazine-chloroacetamide
C=CC(=O)NCC(=O)N(CCN1CCOCC1)Cc1ccccc1Cl,MED-COV-4280ac29-22,MED-COV-4280ac29-22,0.0,0.0,,-18.28135,-19.6786,,,,,,,1.0,1.0,,True,False,
O=C(CCl)N1CCN(Cc2cnc(Cc3ccccc3)s2)CC1,MED-COV-4280ac29-25,MED-COV-4280ac29-25,,97.5664215607866,,41.46816,51.639165,29.7544228748228,4.52644846901574,92.20718,-1.542912,1.897670998115,0.989561283036815,,,99.0,False,True,piperazine-chloroacetamide
C=CC(=O)NCC(=O)N(Cc1ccccc1)C[C@H](O)c1ccccc1,MED-COV-4280ac29-26,MED-COV-4280ac29-26,,0.0,,-0.2808835,0.985713,,,,,,,,,,True,False,
O=C(CCl)N1CCN(Cc2cccc3ccccc23)CC1,MED-COV-4280ac29-31,MED-COV-4280ac29-31,100.021070736765,100.423677336878,0.900345343667903,,98.5734,5.76179265691728,5.23944237423625,96.723135,10.955853,1.22147023077134,0.976013787151378,0.99,0.98,99.0,False,True,piperazine-chloroacetamide
COCc1cc(Cl)cc(CN2CCN(C(=O)CCl)CC2)c1,MED-COV-4280ac29-33,MED-COV-4280ac29-33,,,,97.637755,99.86431,4.7737546475135,5.32113990580878,99.63752,11.2997615,1.43945508020955,0.992250453117961,,,99.0,False,True,piperazine-chloroacetamide
O=C(Cn1cccn1)N1CCN(S(=O)(=O)c2cccc(F)c2)CC1,IND-SYN-6c8299e8-7,IND-SYN-6c8299e8-7,0.0,,,-11.85687,1.001533,,,,,,,1.0,1.0,,False,False,
Nc1nnnn1-c1cccc(C(=O)Nc2c(-c3cccnc3)nc3ccccn23)c1,BAR-COM-4e090d3a-2,BAR-COM-4e090d3a-2,11.0325,18.3,,-2.500041,2.6895285,,,,,,,0.98,0.79,,False,False,
Cc1ccccc1CNc1ccccc1NC(=O)C(O)c1cccnc1,BAR-COM-4e090d3a-3,BAR-COM-4e090d3a-3,4.5875,35.735,,-0.05600255,7.2804715,,,,,,,0.95,0.94,,False,False,3-aminopyridine-like
CC1CN(Cc2ccccc2NC(=O)NCc2cnsc2)CC(C)O1,BAR-COM-4e090d3a-4,BAR-COM-4e090d3a-4,0.0,1.335,,1.48206765,4.442346,,,,,,,1.0,0.98,,False,False,
Nc1ncncc1CNC(=O)Nc1ccccc1OCCn1ccnc1,BAR-COM-4e090d3a-5,BAR-COM-4e090d3a-5,1.47,9.19,,,15.83119,,,,,,,1.0,1.0,,False,False,
Cn1nncc1CC(=O)NC(c1ccccc1)c1nc2ccccc2n1C,BAR-COM-4e090d3a-6,BAR-COM-4e090d3a-6,0.0,0.0,,,54.13116,35.6886848625696,4.44746945561544,80.957095,-4.00643,1.4049575255488,0.954970114661782,1.0,1.0,99.0,False,False,
CC(NC(=O)C(Cc1ccccc1)NC(=O)c1ccco1)c1ncco1,BAR-COM-4e090d3a-7,BAR-COM-4e090d3a-7,0.0,0.0,,,-28.01664,,,,,,,1.0,1.0,,False,False,Ugi
Cc1cccc(-c2nnnn2C2CC2C)c1NC(=O)CCc1cccnc1,BAR-COM-4e090d3a-8,BAR-COM-4e090d3a-8,0.0,13.52,,,-16.50485,,,,,,,1.0,1.0,,False,False,
Cc1noc(C)c1COc1ccccc1C(=O)NC(C)c1nnc2ncccn12,BAR-COM-4e090d3a-9,BAR-COM-4e090d3a-9,0.0,18.485,,2.2150455,8.2825815,,,,,,,0.99,0.94,,False,False,
O=C(NCCNc1cccnn1)c1ccccc1NS(=O)(=O)c1cc(F)ccc1F,BAR-COM-4e090d3a-10,BAR-COM-4e090d3a-10,0.0,12.115,,,7.826431,,,,,,,1.0,1.0,,False,False,
O=C(Cc1cncnc1)Nc1cccc(CCCc2ccccc2)c1,BAR-COM-4e090d3a-11,BAR-COM-4e090d3a-11,0.0,0.0,,1.12288025,10.109647,,,,,,,0.96,0.94,,False,False,3-aminopyridine-like
Cc1ccccc1C(C(=O)NCC(O)Cn1ccnn1)c1ccccc1,BAR-COM-4e090d3a-12,BAR-COM-4e090d3a-12,0.0,,,0.4238036,4.242857,,,,,,,1.0,1.01,,False,False,
N#Cc1cnn(-c2ccccc2NC(=O)Cc2ccn[nH]2)c1N,BAR-COM-4e090d3a-14,BAR-COM-4e090d3a-14,0.0,,,-9.143885,2.959074,,,,,,,1.0,0.96,,False,False,3-aminopyridine-like
O=C(Cc1cccnc1Cl)Nc1cccc(OCCc2ccccc2)c1,BAR-COM-4e090d3a-15,BAR-COM-4e090d3a-15,0.0,5.025,,1.542335,6.898823,,,,,,,0.81,0.27,,False,False,3-aminopyridine-like
CCc1nnnn1-c1ccccc1NC(=O)C1(c2cncc(Br)c2)CC1,BAR-COM-4e090d3a-16,BAR-COM-4e090d3a-16,0.0,0.0,,,10.20408,,,,,,,1.0,1.0,,False,False,3-aminopyridine-like
O=C(NC(Cc1ccccc1)C(=O)NCc1ccno1)OCc1ccccc1,BAR-COM-4e090d3a-19,BAR-COM-4e090d3a-19,0.0,0.0,,,50.62413,,,,,,,0.98,0.85,,False,False,
CC(C(=O)Nc1cccc(NC2CCCC2)c1)c1cnccn1,BAR-COM-4e090d3a-20,BAR-COM-4e090d3a-20,0.0,-2.145,,-2.7667655,0.913150745,,,,,,,1.0,0.98,,False,False,3-aminopyridine-like
NC(=O)C1Cc2ccccc2N(CC(=O)Nc2cnccn2)C1,BAR-COM-4e090d3a-21,BAR-COM-4e090d3a-21,0.0,0.0,,0.0292025000000002,6.193357,,,,,,,1.0,0.93,,False,False,3-aminopyridine-like
COc1cc(CNC(=O)Cc2ncc[nH]2)c2ccccc2n1,BAR-COM-4e090d3a-22,BAR-COM-4e090d3a-22,0.0,15.595,,,-23.12265,,,,,,,1.0,1.0,,False,False,
O=C(NCc1cccnn1)Nc1cccc(-c2ncc3n2CCCC3)c1,BAR-COM-4e090d3a-23,BAR-COM-4e090d3a-23,,0.0,,-2.916869,-5.294053,,,,,,,,,,False,False,
CC(NC(=O)c1ccccc1OC1CCCCC1)c1cnccn1,BAR-COM-4e090d3a-26,BAR-COM-4e090d3a-26,0.0,0.0,,,11.21458,,,,,,,1.0,1.0,,False,False,
CCC(NC(=O)NCc1cnccn1)c1ccccc1OCC(=O)N1CCCC1,BAR-COM-4e090d3a-27,BAR-COM-4e090d3a-27,0.0,9.195,,,7.60848,,,,,,,1.0,1.0,,False,False,
O=C(NCc1cccnn1)NC(Cc1ccccc1)c1cccs1,BAR-COM-4e090d3a-29,BAR-COM-4e090d3a-29,0.0,0.0,,,13.88944,,,,,,,1.0,1.0,,False,False,
O=C(CCc1cnn[nH]1)NC(Cn1cccn1)c1ccccc1,BAR-COM-4e090d3a-30,BAR-COM-4e090d3a-30,0.0,0.0,,-1.5159418,-1.10957139,,,,,,,1.0,1.0,,False,False,
CCC(NC(=O)C(C)n1cncn1)c1ccccc1OCC(=O)N1CCCC1,BAR-COM-4e090d3a-31,BAR-COM-4e090d3a-31,0.0,0.0,,-0.9072247,0.70134785,,,,,,,1.0,0.99,,False,False,
O=C(NCC(O)Cn1ccnn1)c1ccccc1OC1CCC1,BAR-COM-4e090d3a-34,BAR-COM-4e090d3a-34,0.0,0.0,,-1.1075592,2.0355695,,,,,,,1.0,1.0,,False,False,
O=C(Cc1cccnc1Br)Nc1cccc(OCCn2cncn2)c1,BAR-COM-4e090d3a-35,BAR-COM-4e090d3a-35,0.0,0.0,,,-21.71587,,,,,,,1.0,1.0,,False,False,3-aminopyridine-like
COC(=O)C(Cc1ccccc1)C(C)NC(=O)C(C)n1ccnc1,BAR-COM-4e090d3a-36,BAR-COM-4e090d3a-36,0.0,0.0,,,11.92788,,,,,,,1.0,1.0,,False,False,
Cc1noc(CC(NC(=O)C(C)Cn2ccnc2)c2ccccc2)n1,BAR-COM-4e090d3a-38,BAR-COM-4e090d3a-38,0.0,0.0,,,-2.37765,,,,,,,1.0,1.0,,False,False,
O=C(Cc1cncnc1)Nc1cccc(OC2CC(=O)N2)c1,BAR-COM-4e090d3a-39,BAR-COM-4e090d3a-39,-2.075,8.105,,7.863298,22.773735,,,,,,,1.0,1.0,,False,False,3-aminopyridine-like
O=C(NCc1cnn2ccccc12)c1cccnc1OCCO,BAR-COM-4e090d3a-40,BAR-COM-4e090d3a-40,0.0,0.0,,-18.1754,-28.85324,,,,,,,1.0,1.01,,False,False,
O=C(NCc1ccno1)c1ccccc1Oc1ccc(Cl)cc1Cl,BAR-COM-4e090d3a-42,BAR-COM-4e090d3a-42,0.0,0.0,,-12.95812,-12.42811,,,,,,,1.0,0.96,,False,False,
O=C(NCc1noc2ccccc12)c1ccccc1OCC1CC1,BAR-COM-4e090d3a-43,BAR-COM-4e090d3a-43,0.0,0.0,,5.3063035,11.692045,,,,,,,1.0,0.64,,False,False,
CC1CC(C)CN(C(=O)c2ccccc2NC(=O)NCc2ccoc2)C1,BAR-COM-4e090d3a-44,BAR-COM-4e090d3a-44,0.0,0.0,,,8.341589,,,,,,,1.0,0.99,,False,False,
O=C(CCn1ccnn1)NC(CN1CCOCC1)c1ccccc1,BAR-COM-4e090d3a-45,BAR-COM-4e090d3a-45,0.0,0.0,,2.30543135,5.187141,,,,,,,1.0,1.0,,False,False,
Cn1cc(CNC(=O)N(CCc2ccccc2)Cc2cccnc2)nn1,BAR-COM-4e090d3a-47,BAR-COM-4e090d3a-47,0.0,0.0,,,8.123637,,,,,,,1.0,1.0,,False,False,
Cc1ccc(Oc2cccc(NC(=O)NCc3cnnn3C)c2)c(C)c1,BAR-COM-4e090d3a-48,BAR-COM-4e090d3a-48,0.0,,,-10.74278,-12.80444,,,,,,,0.96,0.75,,False,False,
N#CCOc1ccccc1C(=O)NCc1cnsc1,BAR-COM-4e090d3a-49,BAR-COM-4e090d3a-49,-4.225,0.0,,2.2135703,5.959332,,,,,,,1.0,1.0,,False,False,
O=C(Cc1ccccc1OC1CCOC1)OCc1cnn[nH]1,BAR-COM-4e090d3a-50,BAR-COM-4e090d3a-50,0.0,0.0,,,20.72518,,,,,,,1.0,1.0,,False,False,
CCn1c(=O)n(CC(=O)NCc2cnccn2)c2ccccc21,BAR-COM-4e090d3a-51,BAR-COM-4e090d3a-51,0.0,0.0,,1.72717325,6.741156,,,,,,,1.0,1.0,,False,False,
Cn1cncc1CNC(=O)Nc1cccc(OCC(F)F)n1,BAR-COM-4e090d3a-52,BAR-COM-4e090d3a-52,0.0,28.35,,,36.17991,,,,,,,1.0,1.0,,False,False,
CC(C(=O)Nc1cccc(OC2CC(=O)N2)c1)c1cnccn1,BAR-COM-4e090d3a-53,BAR-COM-4e090d3a-53,0.0,0.0,,,16.96057,,,,,,,1.0,1.0,,False,False,3-aminopyridine-like
O=C(NCc1cccnn1)Nc1cccc(OCCN2CCOCC2)c1,BAR-COM-4e090d3a-54,BAR-COM-4e090d3a-54,0.0,0.0,,1.1566967,1.21745595,,,,,,,1.0,0.99,,False,False,
CC(OCC1CCCCO1)C(=O)N(CCc1ccccc1)Cc1cccnc1,BAR-COM-4e090d3a-55,BAR-COM-4e090d3a-55,0.0,0.0,,,-20.56667,,,,,,,1.0,1.0,,False,False,
O=C(Nc1ccnnc1)NC(Cc1ccccc1)C(=O)N1CCCC1,BAR-COM-4e090d3a-56,BAR-COM-4e090d3a-56,0.0,0.0,,0.08347647,3.229184,,,,,,,1.0,1.0,,False,False,
O=C(Nc1ccccc1NS(=O)(=O)c1ccc(F)cc1)C(O)c1cccnc1,BAR-COM-4e090d3a-57,BAR-COM-4e090d3a-57,0.0,0.0,,,49.7127,,,,,,,1.0,1.0,,False,False,3-aminopyridine-like
O=C(NCc1cncs1)Nc1cccc(N2CCOCC2)c1,BAR-COM-4e090d3a-58,BAR-COM-4e090d3a-58,0.6725,23.795,,5.6510135,13.5716,,,,,,,1.0,1.01,,False,False,
O=C(NCc1cccnn1)Nc1cccc(N2CCC2=O)c1,BAR-COM-4e090d3a-60,BAR-COM-4e090d3a-60,0.0,0.0,,3.612932,6.8155425,,,,,,,1.0,1.0,,False,False,
O=C(NCc1ccns1)Nc1cccc(CN2CCCC2=O)c1,BAR-COM-4e090d3a-61,BAR-COM-4e090d3a-61,0.0,0.0,,-0.280353,-2.045671,,,,,,,1.0,0.97,,False,False,
CC(NC(=O)c1ccccc1OCC(N)=O)c1cnn(C)c1,BAR-COM-4e090d3a-62,BAR-COM-4e090d3a-62,0.0,0.0,,-1.52473315,2.682852,,,,,,,1.0,1.0,,False,False,
CC1CCCC(OCc2cccc(NC(=O)NC(C)c3ccn[nH]3)c2)C1,BAR-COM-4e090d3a-63,BAR-COM-4e090d3a-63,0.0,0.0,,,-40.14266,,,,,,,1.0,0.85,,False,False,
O=C(NCc1cnccn1)c1sc2cccc(F)c2c1COc1ccccc1,BAR-COM-4e090d3a-64,BAR-COM-4e090d3a-64,0.0,-0.855,,-1.7288135,6.319301,,,,,,,0.95,0.44,,False,False,
O=C(NCc1ccno1)c1ccccc1OC1CCCCC1,BAR-COM-4e090d3a-65,BAR-COM-4e090d3a-65,0.0,,,4.087136,5.817994,,,,,,,1.0,1.0,,False,False,
CC(c1cccc(NC(=O)Cc2cnccc2Cl)c1)N1CCOCC1,BAR-COM-4e090d3a-66,BAR-COM-4e090d3a-66,0.0,3.865,,2.1187109,3.916605,,,,,,,0.97,0.92,,False,False,3-aminopyridine-like
O=C(Nc1cccc(-c2cc[nH]n2)c1)C(O)c1cccnc1,BAR-COM-4e090d3a-68,BAR-COM-4e090d3a-68,0.0,0.0,,,10.38241,,,,,,,1.0,1.0,,False,False,3-aminopyridine-like
O=C(NCc1cccnc1)Nc1cccc(OCC(F)F)n1,BAR-COM-4e090d3a-69,BAR-COM-4e090d3a-69,0.0,4.425,,3.3294115,8.2820885,,,,,,,1.0,1.0,,False,False,
O=C(NCCN1CCN(C(=O)CCl)CC1)c1ccccc1,STE-KUL-2e0d2e88-1,STE-KUL-2e0d2e88-1,0.870640370078732,,,0.2054805,18.06401,,,,,,,1.0,1.01,,False,True,piperazine-chloroacetamide
O=C(NCCN1CCN(C(=O)CCl)CC1)c1cccc2ccccc12,STE-KUL-2e0d2e88-2,STE-KUL-2e0d2e88-2,,23.8018527196245,,6.9680765,4.690442,,,,,,,,,,False,True,piperazine-chloroacetamide
Cc1ccncc1NC(=O)Nc1ccccc1,ALE-HEI-f28a35b5-1,ALE-HEI-f28a35b5-1,0.0,-0.18,,,21.06202,,,,,,,1.0,1.0,,False,False,3-aminopyridine-like
Cc1nnc(NC(=O)Nc2cccnc2)s1,ALE-HEI-f28a35b5-4,ALE-HEI-f28a35b5-4,4.62,8.86,,1.18513685,7.324259,,,,,,,1.0,0.99,,False,False,3-aminopyridine-like
Cc1nnc(CC(=O)Nc2cccnc2)s1,ALE-HEI-f28a35b5-5,ALE-HEI-f28a35b5-5,-1.825,0.0,,-1.16065575,-0.0293793,,,,,,,1.0,0.99,,False,False,3-aminopyridine-like
O=C(Cc1c[nH]c2ncccc12)N1CCC(N2CCCS2(=O)=O)CC1,SWA-SYN-d2e6fa14-9,SWA-SYN-d2e6fa14-9,0.0,,,18.48362,-1.915052,,,,,,,1.0,1.01,,False,False,
N#Cc1cc(CN2CCN(C(=O)CCl)CC2)c2ccccc2c1,DAR-DIA-fb20be43-6,DAR-DIA-fb20be43-6,97.5836011363847,,1.16237439119758,83.637,93.13343,4.60620593726261,5.33665664921646,95.82364,10.6427665,1.37308104664649,0.990541099302399,0.85,0.79,99.0,False,True,piperazine-chloroacetamide
Cc1ccncc1NC(=O)CCNC(=O)c1ccccc1F,PET-SGC-2e937068-1,PET-SGC-2e937068-1,0.0,0.0,,,-15.77174,,,,,,,1.0,1.0,,False,False,
O=C(CCl)NC(CO)c1cccc(Cl)c1,DAV-CRI-3edb475e-4,DAV-CRI-3edb475e-4,16.0408263346799,45.3352048125053,,,51.57519,99.03,,43.57611,-24.026214,1.14158540085508,0.670777292245187,1.0,0.99,99.0,False,True,
CC(NC(=O)CCl)c1cc(F)cc(Cl)c1,DAV-CRI-3edb475e-6,DAV-CRI-3edb475e-6,,116.426938185636,,40.56069,74.487765,27.9438320218487,4.55371403802756,89.50988,2.0222775,1.63472180785711,0.994710222876635,,,99.0,False,True,
CS(=O)(=O)NCC[C@H]1CCCCN1CC(=O)Nc1cccnc1,BEN-DND-362d364a-10,BEN-DND-362d364a-10,-1.62,-1.205,,,48.92015,,,,,,,1.0,1.0,,False,False,3-aminopyridine-like
O=C(Nc1ccc(Oc2ncccn2)cc1)C(=O)N1CCN(Cc2cccs2)CC1,MAK-UNK-b1d4dcd7-3,MAK-UNK-b1d4dcd7-3,0.0,,,-20.9558,-13.82419,,,,,,,1.0,1.0,,False,False,3-aminopyridine-like
CCC(C)(C)CCN(Cc1ccsc1)C(=O)Cn1nnc2ccccc21,RUT-UNI-630c5802-20,RUT-UNI-630c5802-20,-4.785,40.085,,,48.30592,78.4579695851566,4.10536293517376,47.681465,-10.8074665,0.837731330796994,0.757084462820845,0.99,0.73,99.0,False,False,
NC(=O)CCN(C(=O)CCl)C1CCS(=O)(=O)C1,DAN-PUR-6788a628-2,DAN-PUR-6788a628-2,16.2622347550052,34.1194714797418,,,18.60511,,,,,,,1.0,1.0,,False,True,
CC(=O)N1CCN(S(=O)(=O)c2cccs2)CC1,MAK-UNK-6435e6c2-1,MAK-UNK-6435e6c2-1,0.0,,,2.333251,4.20799245,,,,,,,1.0,1.0,,False,False,
CC(=O)N1CCN(Cc2cccs2)CC1,MAK-UNK-6435e6c2-2,MAK-UNK-6435e6c2-2,96.7325,95.74,,,,,,,,,,,,,False,False,
CC(=O)N1CCN(Cc2ccsc2)CC1,MAK-UNK-6435e6c2-3,MAK-UNK-6435e6c2-3,98.455,97.38,,,,,,,,,,,,,False,False,
CC(=O)Nc1cccc(N2CCCC2=O)c1,MAK-UNK-6435e6c2-4,MAK-UNK-6435e6c2-4,11.38,22.66,,,,,,,,,,,,,False,False,
CC(=O)N1CCN(S(=O)(=O)c2cccc(F)c2)CC1,MAK-UNK-6435e6c2-5,MAK-UNK-6435e6c2-5,0.0,,,6.203783,1.4342925,,,,,,,1.0,1.0,,False,False,
CC(=O)N1CCN(S(=O)(=O)c2c(F)cccc2F)CC1,MAK-UNK-6435e6c2-6,MAK-UNK-6435e6c2-6,0.0,0.0,,-1.416076,4.1838815,,,,,,,1.0,1.0,,False,False,
Cc1cc(Cl)cc(CC2CCN(C(=O)CCl)CC2)c1,NIR-THE-0d6461ce-8,NIR-THE-0d6461ce-8,,137.817903189079,,95.149355,98.327615,3.57437118025072,5.4468003502175,100.53665,13.877825,1.48696695829374,0.990861514203427,,,,False,True,
Cc1ccc(-c2cc(C(F)(F)F)nn2-c2ccc(S(N)(=O)=O)cc2)cc1,GER-UNI-05c7e912-1,GER-UNI-05c7e912-1,2.165982917,,,6.230106,11.89448,,,,,,,0.91,0.79,,False,False,
CS(=O)(=O)NCCCN1CCCc2ccc(S(N)(=O)=O)cc21,PET-SGC-abcbce68-1,PET-SGC-abcbce68-1,0.0,0.0,,,-23.7765,,,,,,,1.0,1.0,,False,False,
CC(=O)N1CCN(S(=O)(=O)c2ccsc2)CC1,MAK-UNK-4c6b313a-1,MAK-UNK-4c6b313a-1,0.0,3.625,,,-20.6063,,,,,,,0.99,1.0,,False,False,
O=C(C1CCN(c2ccncc2)CC1)N1CCCCC1,GIA-UNK-30c7cb75-1,GIA-UNK-30c7cb75-1,0.0,-0.3,,,-18.56548,,,,,,,0.99,1.0,,False,False,
O=C(C1CCN(c2ccncc2)CC1)N1CCOCC1,GIA-UNK-30c7cb75-2,GIA-UNK-30c7cb75-2,0.0,0.0,,,-22.6273,,,,,,,1.0,1.0,,False,False,
O=C(C1CCN(c2ccncc2)CC1)N1CCS(=O)(=O)CC1,GIA-UNK-30c7cb75-3,GIA-UNK-30c7cb75-3,19.73,42.885,,,-27.42223,,,,,,,1.0,1.0,,False,False,
Cc1cc(C)nc(NC2CCN(C(=O)CCl)CC2)n1,GIA-UNK-a79af1bc-1,GIA-UNK-a79af1bc-1,,132.227821885999,,46.118945,81.476355,27.5566399208512,4.55977373860752,92.657195,1.242436,1.81583944703015,0.985545040819045,,,99.0,False,True,
O=C(NC1CCCCC1NC(=O)C1CCCCC1)c1ccncc1,GIA-UNK-d2defdc3-1,GIA-UNK-d2defdc3-1,0.0,,,-14.42859,-20.60122,,,,,,,1.0,1.0,,False,False,
O=C(NC1CCCCC1NC(=O)c1ccncc1)c1ccccc1,GIA-UNK-d2defdc3-2,GIA-UNK-d2defdc3-2,0.0,0.0,,,-22.36972,,,,,,,1.0,1.0,,False,False,
CN1CCC(C(=O)NC2CCCCC2NC(=O)C2CCCCC2)CC1,GIA-UNK-d2defdc3-3,GIA-UNK-d2defdc3-3,0.0,,,-19.4436,-19.4267,,,,,,,1.0,1.01,,False,False,
CN1CCC(C(=O)NC2CCCCC2NC(=O)c2ccccc2)CC1,GIA-UNK-d2defdc3-4,GIA-UNK-d2defdc3-4,0.0,0.0,,,-15.37547,,,,,,,0.98,0.99,,False,False,
O=C(C1CCCN1C(=O)c1ccccc1)N1CCOCC1,GIA-UNK-d2defdc3-6,GIA-UNK-d2defdc3-6,0.0,0.0,,,-27.9572,,,,,,,1.0,1.0,,False,False,
CNCc1c[nH]c2ccc(F)cc12,DAR-DIA-eace69ff-36,DAR-DIA-eace69ff-36,3.0851406346071,16.1370977193326,,,32.73232,,,,,,,0.99,1.0,,False,False,
COc1ccc(C2CC(c3cccs3)=NN2C(=O)CCl)cc1OC,MAT-POS-916a2c5a-1,MAT-POS-916a2c5a-1,95.6975,91.09,0.968770334437063,99.36241,99.242285,1.87118266616579,5.72788381429821,99.06542,28.67683,1.39274339218483,0.99086840782891,0.95,0.83,99.0,False,True,
COc1ccccc1OCCNC(=O)c1cc(=O)[nH]c2ccccc12,MAT-POS-916a2c5a-2,MAT-POS-916a2c5a-2,70.0575,83.785,3.46159502371821,83.736015,92.667755,5.20650530849113,5.28345368447117,93.703885,10.67388,1.02777772687003,0.995493886189452,0.99,0.96,99.0,False,False,quinolones
Cc1cc(C)c(C)c(S(=O)(=O)N2CCN(C(=O)c3cc(=O)[nH]c4ccccc34)CC2)c1C,MAT-POS-916a2c5a-3,MAT-POS-916a2c5a-3,81.6625,88.135,3.75065325893466,84.36679,92.87661,8.46159387152077,5.07254782320116,90.80177,7.771766,1.05300305910097,0.995929137549945,0.75,0.65,99.0,False,False,quinolones
O=C(c1cc(=O)[nH]c2ccccc12)N1CCN(c2ccccc2)CC1,MAT-POS-916a2c5a-4,MAT-POS-916a2c5a-4,66.63,78.785,10.4027223020164,,54.07172,27.5248950634011,4.56027432806821,77.02485,1.3602075,1.00107335123765,0.968806264034523,1.0,1.0,99.0,False,False,quinolones
O=C(CCl)N1CCC(C(=O)N2CCCCC2)CC1,VIR-GIT-7b3d3065-2,VIR-GIT-7b3d3065-2,0.5059063955,,,18.47409,31.38461,,,,,,,1.0,1.0,,False,True,
CC(C)N(C)C(=O)C1CCN(C(=O)CCl)CC1,VIR-GIT-7b3d3065-3,VIR-GIT-7b3d3065-3,-0.097614029,,,17.262575,38.7793,,,,,,,1.0,1.0,,False,True,
CC(C)C[C@@H]1CN(C(=O)CCl)CCN1Cc1cccc(Cl)c1,DAN-LON-a5fc619e-3,DAN-LON-a5fc619e-3,,137.817903189079,,99.249175,99.47946,0.784006101017361,6.10568055768818,100.54225,49.93362,1.43161987740012,0.990055317810767,,,99.0,False,True,piperazine-chloroacetamide
O=C(CCl)N1CC2CC1CN2Cc1cccc(Cl)c1,DAN-LON-a5fc619e-8,DAN-LON-a5fc619e-8,100.0,100.0,0.655456165251758,82.2179,72.65968,2.1668874893559,5.66416363783588,90.192315,26.99243,0.78868179166889,0.889019157130124,0.99,1.0,,False,True,piperazine-chloroacetamide
O=C(NCCNc1ccnc2cc(Cl)ccc12)Nc1ccc(F)cc1,GAB-FAC-880f6604-1,GAB-FAC-880f6604-1,0.0,0.0,,20.42284,29.46934,,,,,,,0.99,0.94,,False,False,
O=C(NC[C@]1(COc2ccc(C(F)(F)F)cn2)C[C@H](O)[C@H](O)C1)Nc1cccnc1,FAR-UNI-736b943a-6,FAR-UNI-736b943a-6,,0.0,,,,,,,,,,,,,False,False,
C=CC(=O)N(c1ccc2ncsc2c1)C(C(=O)Nc1ccc(OC)cc1C)c1cccnc1,LON-WEI-b8d98729-1,LON-WEI-b8d98729-1,0.0,,,3.2135925,11.321835,,,,,,,0.94,0.92,,True,False,3-aminopyridine-like
C=CC(=O)N(c1ccc(SC)cc1)C(C(=O)Nc1c(C)cccc1CC)c1cccnc1,LON-WEI-b8d98729-2,LON-WEI-b8d98729-2,0.0,,,11.082635,24.534565,,,,,,,0.85,0.67,,True,False,3-aminopyridine-like
O=C(/C=C/C=C/c1ccc2c(c1)OCO2)N1CCCCC1,LON-WEI-b8d98729-3,LON-WEI-b8d98729-3,0.0,,,,,,,,,,,1.0,0.97,,False,False,
CC(=O)N1CCN(CC(=O)Nc2cccc(S(N)(=O)=O)c2)CC1,LON-WEI-b8d98729-4,LON-WEI-b8d98729-4,0.0,,,-3.12081,2.6341365,,,,,,,1.0,1.0,,False,False,3-aminopyridine-like
CCC(=O)O[C@@H](OP(=O)(CCCCc1ccccc1)CC(=O)N1C[C@H](C2CCCCC2)C[C@H]1C(=O)O)C(C)C,LON-WEI-b8d98729-5,LON-WEI-b8d98729-5,3.17090465,,,4.9134454,-0.25311465,,,,,,,1.0,0.92,,False,False,
C=CC(=O)N(c1ccc(SC)cc1)C(C(=O)NC(C)(C)C)c1cccnc1,LON-WEI-b8d98729-6,LON-WEI-b8d98729-6,0.0,,,3.5374107,7.747043,,,,,,,1.0,0.99,,True,False,Ugi
C=CC(=O)N(c1ccc(S(F)(F)(F)(F)F)cc1)C(C(=O)NC(C)(C)C)c1cccnc1,LON-WEI-b8d98729-7,LON-WEI-b8d98729-7,6.5412825305,,,11.09353,23.00163,,,,,,,0.98,0.9,,True,False,Ugi
C=CC(=O)N(c1ccc(C(C)OC)cc1)C(C(=O)Nc1ccc(OC)cc1C)c1cccnc1,LON-WEI-b8d98729-8,LON-WEI-b8d98729-8,0.0,,,2.909986,6.899891,,,,,,,0.99,0.97,,True,False,3-aminopyridine-like
C=CC(=O)N(c1ccc2ncsc2c1)C(C(=O)Nc1ccc(Br)cc1)c1cccnc1,LON-WEI-b8d98729-9,LON-WEI-b8d98729-9,3.05427925,,,17.384325,34.85545,,,,,,,0.75,0.64,,True,False,3-aminopyridine-like
C=CC(=O)N(c1ccc(C(C)OC)cc1)C(C(=O)NC(C)(C)C)c1cccnc1,LON-WEI-b8d98729-10,LON-WEI-b8d98729-10,0.0,,,7.066298,15.90563,,,,,,,0.98,0.86,,True,False,Ugi
C=CC(=O)N(c1ccc(N(C)C)c(C)c1)C(C(=O)Nc1ccc(Cl)cc1)c1cccnc1,LON-WEI-b8d98729-11,LON-WEI-b8d98729-11,0.0,,,4.263645,12.105545,,,,,,,0.88,0.78,,True,False,3-aminopyridine-like
C=CC(=O)N(c1ccc(S(F)(F)(F)(F)F)cc1)C(C(=O)Nc1ccc(OC)cc1)c1cccnc1,LON-WEI-b8d98729-12,LON-WEI-b8d98729-12,10.353172485,,,15.69979,30.56822,,,,,,,0.83,0.71,,True,False,3-aminopyridine-like
C=CC(=O)N(c1ccc(N(C)C)c(C)c1)C(C(=O)Nc1ccccc1Br)c1cccnc1,LON-WEI-b8d98729-13,LON-WEI-b8d98729-13,0.0,,,2.842383,8.125432,,,,,,,0.86,0.79,,True,False,3-aminopyridine-like
C=CC(=O)N(c1ccc(N(C)C)c(C)c1)C(C(=O)Nc1ccc(Br)cc1)c1cccnc1,LON-WEI-b8d98729-14,LON-WEI-b8d98729-14,0.0,,,3.4472285,3.4251835,,,,,,,0.84,0.74,,True,False,3-aminopyridine-like
C=CC(=O)N(c1cc(C(C)(C)C)on1)C(C(=O)Nc1cccc(CC)c1)c1cccnc1,LON-WEI-b8d98729-15,LON-WEI-b8d98729-15,6.7860531265,,,15.58244,43.080275,99.01,,31.408435,-11.450474,0.988062384159208,0.684779356062032,0.87,0.76,99.0,True,False,3-aminopyridine-like
C=CC(=O)N(c1ccc(N(C)C)c(C)c1)C(C(=O)Nc1cccc(CC)c1)c1cccnc1,LON-WEI-b8d98729-16,LON-WEI-b8d98729-16,0.0,,,7.04789,11.734435,,,,,,,0.85,0.68,,True,False,3-aminopyridine-like
C=CC(=O)N(c1ccc(C(C)OC)cc1)C(C(=O)Nc1cccc(CC)c1)c1cccnc1,LON-WEI-b8d98729-17,LON-WEI-b8d98729-17,4.444303831,,99.0,36.56934,63.733785,66.3870347492245,4.17791672916614,53.07427,-10.427937,1.03281266514687,0.878762462531833,0.92,0.82,99.0,True,False,3-aminopyridine-like
C=CC(=O)N(c1ccc(C(C)C)nc1)C(C(=O)Nc1c(C)cccc1CC)c1cccnc1,LON-WEI-b8d98729-18,LON-WEI-b8d98729-18,0.0,,,5.6132675,12.477995,,,,,,,1.0,0.95,,True,False,3-aminopyridine-like
C=CC(=O)N(c1ccc(C(C)OC)cc1)C(C(=O)Nc1ccccc1Br)c1cccnc1,LON-WEI-b8d98729-19,LON-WEI-b8d98729-19,0.0,,,3.0428534,9.7348115,,,,,,,0.89,0.84,,True,False,3-aminopyridine-like
C=CC(=O)N(c1cc(C(C)(C)C)n[nH]1)C(C(=O)Nc1c(C)cccc1CC)c1cccnc1,LON-WEI-b8d98729-20,LON-WEI-b8d98729-20,0.0,,,4.0468147,4.7055155,,,,,,,0.92,0.78,,True,False,3-aminopyridine-like
C=CC(=O)N(c1cc(C(C)(C)C)n[nH]1)C(C(=O)Nc1ccc(Cl)cc1)c1cccnc1,LON-WEI-b8d98729-21,LON-WEI-b8d98729-21,0.0,,,6.1170335,19.53423,,,,,,,0.78,0.68,,True,False,3-aminopyridine-like
C=CC(=O)N(c1ccc(C(C)OC)cc1)C(C(=O)Nc1ccc(Cl)cc1)c1cccnc1,LON-WEI-b8d98729-22,LON-WEI-b8d98729-22,0.0,,,12.27796,26.09074,,,,,,,0.84,0.76,,True,False,3-aminopyridine-like
C=CC(=O)N(c1cc(C(C)(C)C)on1)C(C(=O)NC(C)(C)C)c1cccnc1,LON-WEI-b8d98729-23,LON-WEI-b8d98729-23,28.67136864,,,7.85931,16.13711,99.0,,12.94703,-18.243545,1.65225823880666,0.0341305811114003,0.98,0.91,99.0,True,False,Ugi
C=CC(=O)N(c1ccc(SC)cc1)C(C(=O)Nc1ccc(Cl)cc1)c1cccnc1,LON-WEI-b8d98729-24,LON-WEI-b8d98729-24,9.39703267,,,16.89356,32.28805,,,,,,,0.81,0.64,,True,False,3-aminopyridine-like
C=CC(=O)N(c1ccc2ncsc2c1)C(C(=O)Nc1ccc(OC)cc1)c1cccnc1,LON-WEI-b8d98729-25,LON-WEI-b8d98729-25,0.0,,,4.018394,15.369845,,,,,,,0.92,0.87,,True,False,3-aminopyridine-like
C=CC(=O)N(c1ccc(C(C)C)nc1)C(C(=O)Nc1ccc(OC)cc1C)c1cccnc1,LON-WEI-b8d98729-26,LON-WEI-b8d98729-26,0.0,,,6.5587765,10.390333,,,,,,,0.98,0.93,,True,False,3-aminopyridine-like
C=CC(=O)N(c1ccc(C(F)(F)F)cc1)C(C(=O)Nc1ccc(OC)cc1)c1cccnc1,LON-WEI-b8d98729-27,LON-WEI-b8d98729-27,59.98080035,,26.9472840576405,40.32765,60.67628,45.9956728166022,4.33728302397643,69.30644,-5.6566645,1.13849272882291,0.951195258030984,0.84,0.75,99.0,True,False,3-aminopyridine-like
C=CC(=O)N(c1ccc(S(F)(F)(F)(F)F)cc1)C(C(=O)Nc1ccc(OC)cc1C)c1cccnc1,LON-WEI-b8d98729-28,LON-WEI-b8d98729-28,0.0,,,5.5228815,12.22758,,,,,,,0.92,0.75,,True,False,3-aminopyridine-like
C=CC(=O)N(c1ccc(S(F)(F)(F)(F)F)cc1)C(C(=O)Nc1c(C)cccc1CC)c1cccnc1,LON-WEI-b8d98729-29,LON-WEI-b8d98729-29,4.6923625775,,,3.132201,7.068751,,,,,,,0.85,0.73,,True,False,3-aminopyridine-like
C=CC(=O)N(c1ccc(N(C)C)c(C)c1)C(C(=O)Nc1ccc(OC)cc1C)c1cccnc1,LON-WEI-b8d98729-30,LON-WEI-b8d98729-30,0.0,,,2.5093175,7.00835,,,,,,,0.87,0.83,,True,False,3-aminopyridine-like
C=CC(=O)N(c1ccc2ncsc2c1)C(C(=O)NC(C)(C)C)c1cccnc1,LON-WEI-b8d98729-31,LON-WEI-b8d98729-31,0.0,,,9.2873815,0.77179215,,,,,,,1.0,1.0,,True,False,Ugi
C=CC(=O)N(c1ccc(C(C)C)nc1)C(C(=O)NC(C)(C)C)c1cccnc1,LON-WEI-b8d98729-32,LON-WEI-b8d98729-32,0.0,,,11.718786,11.379195,,,,,,,1.0,0.99,,True,False,Ugi
C=CC(=O)N(c1ccc(C(C)(C)CC)cc1)C(C(=O)Nc1ccc(Cl)cc1)c1cccnc1,LON-WEI-b8d98729-33,LON-WEI-b8d98729-33,11.254126943,,,16.53021,22.655935,,,,,,,0.82,0.68,,True,False,3-aminopyridine-like
CNS(=O)(=O)Cc1ccc2[nH]cc(CCN(C)C)c2c1,LON-WEI-b8d98729-34,LON-WEI-b8d98729-34,0.0,,,4.6572687,2.3849765,,,,,,,1.0,1.0,,False,False,
C=CC(=O)N(c1ccc(C(C)(C)CC)cc1)C(C(=O)Nc1ccc(Br)cc1)c1cccnc1,LON-WEI-b8d98729-35,LON-WEI-b8d98729-35,0.0,,,8.3185375,18.35956,,,,,,,0.91,0.66,,True,False,3-aminopyridine-like
C=CC(=O)N(c1ccc(C(C)(C)CC)cc1)C(C(=O)Nc1cccc(F)c1C)c1cccnc1,LON-WEI-b8d98729-36,LON-WEI-b8d98729-36,3.7850863275,,,16.262435,31.81661,,,,,,,0.86,0.72,,True,False,3-aminopyridine-like
C=CC(=O)N(c1ccc(C(F)(F)F)cc1)C(C(=O)Nc1ccc(OC)cc1C)c1cccnc1,LON-WEI-b8d98729-37,LON-WEI-b8d98729-37,11.0318425125,,,7.0595355,25.43588,,,,,,,0.95,0.62,,True,False,3-aminopyridine-like
C=CC(=O)N(c1ccc2ncsc2c1)C(C(=O)Nc1cccc(CC)c1)c1cccnc1,LON-WEI-b8d98729-38,LON-WEI-b8d98729-38,16.63309269,,32.0306141190936,33.876555,59.258365,59.0215327740357,4.22898951617354,61.141165,-7.32907,1.24081313315392,0.952877119255119,0.8,0.63,99.0,True,False,3-aminopyridine-like
C=CC(=O)N(c1ccc(C(F)(F)F)cc1)C(C(=O)Nc1c(C)cccc1CC)c1cccnc1,LON-WEI-b8d98729-39,LON-WEI-b8d98729-39,23.933745075,,,22.265165,38.632575,97.7888349071212,4.00971072818818,46.17474,-16.93074,1.35878555408555,0.81329469480139,0.89,0.79,,True,False,3-aminopyridine-like
C=CC(=O)N(c1ccc(SC)cc1)C(C(=O)Nc1ccc(OC)cc1C)c1cccnc1,LON-WEI-b8d98729-40,LON-WEI-b8d98729-40,0.0,,,8.266012,22.24457,,,,,,,0.95,0.84,,True,False,3-aminopyridine-like
C=CC(=O)N(c1ccc(C(F)(F)F)cc1)C(C(=O)Nc1ccccc1Br)c1cccnc1,LON-WEI-b8d98729-41,LON-WEI-b8d98729-41,9.599967044,,,15.601375,22.04782,,,,,,,0.94,0.83,,True,False,3-aminopyridine-like
C=CC(=O)N(c1ccc(N(C)C)c(C)c1)C(C(=O)Nc1c(C)cccc1CC)c1cccnc1,LON-WEI-b8d98729-42,LON-WEI-b8d98729-42,0.0,,,6.402893,13.24039,,,,,,,0.9,0.77,,True,False,3-aminopyridine-like
C=CC(=O)N(c1cc(C(C)(C)C)on1)C(C(=O)Nc1ccc(OC)cc1C)c1cccnc1,LON-WEI-b8d98729-43,LON-WEI-b8d98729-43,14.308904645,,,12.87613,23.43133,,,,,,,1.0,0.91,,True,False,3-aminopyridine-like
C=CC(=O)N(c1ccc2ncsc2c1)C(C(=O)Nc1ccc(Cl)cc1)c1cccnc1,LON-WEI-b8d98729-44,LON-WEI-b8d98729-44,2.570452653,,,8.954919,25.263735,,,,,,,0.87,0.69,,True,False,3-aminopyridine-like
C=CC(=O)N(c1ccc(C(C)OC)cc1)C(C(=O)Nc1c(C)cccc1CC)c1cccnc1,LON-WEI-b8d98729-45,LON-WEI-b8d98729-45,0.0,,,5.9039575,3.935542,,,,,,,0.96,0.87,,True,False,3-aminopyridine-like
C=CC(=O)N(c1cc(C(C)(C)C)on1)C(C(=O)Nc1c(C)cccc1CC)c1cccnc1,LON-WEI-b8d98729-46,LON-WEI-b8d98729-46,1.4898559085,,,7.333488,21.050805,,,,,,,0.99,0.9,,True,False,3-aminopyridine-like
C=CC(=O)N(c1ccc(SC)cc1)C(C(=O)Nc1ccc(OC)cc1)c1cccnc1,LON-WEI-b8d98729-47,LON-WEI-b8d98729-47,0.0,,,13.53407,27.04619,,,,,,,0.91,0.77,,True,False,3-aminopyridine-like
C=CC(=O)N(c1ccc2ncsc2c1)C(C(=O)Nc1c(C)cccc1CC)c1cccnc1,LON-WEI-b8d98729-48,LON-WEI-b8d98729-48,0.0,,,7.673316,10.6954605,,,,,,,0.97,0.97,,True,False,3-aminopyridine-like
CCC(=O)NCC[C@@H]1CCc2ccc3c(c21)CCO3,JOH-MSK-ec639444-2,JOH-MSK-ec639444-2,0.0,,,0.4734875,6.6887445,,,,,,,1.0,1.0,,False,False,
COc1ccc2[nH]cc(CCNC(C)=O)c2c1,JOH-MSK-35a8745a-1,JOH-MSK-35a8745a-1,0.0,,,1.37241,-0.96170145,,,,,,,1.0,0.99,,False,False,
CNC(=O)OC1CCN(C(=O)c2ccccc2)CC1,GIA-UNK-595fac82-2,GIA-UNK-595fac82-2,0.0,0.0,,,19.1599,,,,,,,1.0,1.0,,False,False,
CNC(=O)OC1CCN(C(=O)c2ccncc2)CC1,GIA-UNK-595fac82-3,GIA-UNK-595fac82-3,0.650135130307497,2.15126403330889,,,-25.32197,,,,,,,1.0,1.0,,False,False,
CNC(=O)OC1CCN(S(=O)(=O)c2ccccc2)CC1,GIA-UNK-595fac82-4,GIA-UNK-595fac82-4,4.88876497612333,0.0,,,-16.32653,,,,,,,1.0,1.0,,False,False,
CNC(=O)OC1CCN(Cc2ccccc2)CC1,GIA-UNK-595fac82-5,GIA-UNK-595fac82-5,0.824240318611523,0.0,,,17.61442,,,,,,,0.99,1.0,,False,False,
O=C(c1ccccc1)N1CCN(C(=O)C2CCOCC2)CC1,GIA-UNK-eaadd1d4-1,GIA-UNK-eaadd1d4-1,0.98,5.345,,2.900273,6.2650335,,,,,,,1.0,1.0,,False,False,
O=C(C1CCN(S(=O)(=O)c2ccccc2)CC1)N1CCOCC1,GIA-UNK-eaadd1d4-3,GIA-UNK-eaadd1d4-3,0.0,0.0,,1.873227,5.517857,,,,,,,1.0,0.99,,False,False,
O=C(NCCN1CCN(c2ccccc2)CC1)NCc1ccccn1,TRI-UNI-97428359-1,TRI-UNI-97428359-1,0.0,0.0,,,12.48266,,,,,,,0.99,0.99,,False,False,
O=C(CC1(c2ccccc2)CCCC1)Nc1cccnc1,CHR-SOS-f7373dd1-4,CHR-SOS-f7373dd1-4,0.0,13.88,,,3.982564,,,,,,,1.0,1.0,,False,False,3-aminopyridine-like
N#Cc1cccc(CNc2ccc(O)cc2)c1,MIH-UNI-6b9ca91a-5,MIH-UNI-6b9ca91a-5,19.7603677666787,22.6833683403607,,9.725009,2.315665,,,,,,,1.0,1.0,,False,False,
O=S(=O)(NCCc1ccccc1)c1ccoc1,MIH-UNI-6b9ca91a-6,MIH-UNI-6b9ca91a-6,0.0,16.545,,,-24.45017,,,,,,,1.0,1.0,,False,False,
NC(=O)[C@@H]1CN(C2CCOCC2)C[C@H]1c1ccccc1,DUN-NEW-f8ce3686-1,DUN-NEW-f8ce3686-1,0.0,0.0,,-22.23043,-22.96545,,,,,,,1.0,1.0,,False,False,
CC(=O)NCCc1cn(CC(=O)N2CCOCC2)c2ccccc12,DUN-NEW-f8ce3686-13,DUN-NEW-f8ce3686-13,0.0,0.0,,,6.558351,,,,,,,0.97,0.96,,False,False,
CS(=O)(=O)NCCN1CCCc2ccc(S(N)(=O)=O)cc21,DUN-NEW-f8ce3686-14,DUN-NEW-f8ce3686-14,0.0,,,4.677893,-5.456835,,,,,,,1.0,1.0,,False,False,
CS(=O)(=O)N1CCN(C(=O)CCl)CC1c1ccccc1,DUN-NEW-f8ce3686-22,DUN-NEW-f8ce3686-22,87.5449140908104,95.9191679784277,3.30858329458321,64.63647,69.45781,10.562354385868,4.97623926524698,88.76103,0.3909205,1.34375063652214,0.990291696568341,1.0,1.0,99.0,False,True,piperazine-chloroacetamide
Cc1ncncc1NC(=O)Nc1ccccc1,HAN-NEW-5f56c3bc-1,HAN-NEW-5f56c3bc-1,6.04,20.105,,-2.0625485,-0.6277824,,,,,,,0.99,0.99,,False,False,3-aminopyridine-like
Cc1cccc(CC(=O)Nc2cccnc2C#N)c1,AGN-NEW-c7b24fe3-3,AGN-NEW-c7b24fe3-3,0.0,,,8.399017,-5.939392,,,,,,,1.0,1.0,,False,False,3-aminopyridine-like
N#Cc1ncccc1NC(=O)Cc1cccc(Cl)c1,AGN-NEW-c7b24fe3-4,AGN-NEW-c7b24fe3-4,0.0,0.0,,-10.23229,-15.72103,,,,,,,0.99,1.0,,False,False,3-aminopyridine-like
NC(=O)[C@@H]1CN(Cc2cccnc2)C[C@H]1c1ccccc1,DUN-NEW-d8381160-1,DUN-NEW-d8381160-1,0.0,0.0,,,-24.74737,,,,,,,1.0,1.0,,False,False,
N#Cc1ccc(NC(=O)Nc2cccnc2)cc1,ANN-UNI-26382800-3,ANN-UNI-26382800-3,0.0,,,5.8158525,11.55569,,,,,,,1.0,1.0,,False,False,3-aminopyridine-like
N#Cc1cccc(CC(=O)Nc2cccnc2)c1,ANN-UNI-26382800-5,ANN-UNI-26382800-5,0.0,11.54,,11.40413,24.96099,,,,,,,1.0,1.0,,False,False,3-aminopyridine-like
COc1cccc(NC(=O)Nc2cccc(C#N)c2)c1,ANN-UNI-26382800-6,ANN-UNI-26382800-6,0.0,2.485,,5.1061145,9.794888,,,,,,,0.96,0.94,,False,False,3-aminopyridine-like
COc1ccc(-n2cc(CN3CCN(C(=O)CCl)CC3)nn2)cc1,ANT-STE-dbb91f63-1,ANT-STE-dbb91f63-1,,24.0913265901186,,10.878841,24.947395,,,,,,,,,,False,True,piperazine-chloroacetamide
CC(=O)N1CCN(Cc2cc(O)cc(Cl)c2)CC1,KIM-UNI-2ee5d8f9-1,KIM-UNI-2ee5d8f9-1,0.0,0.0,,,6.3404,,,,,,,0.99,0.97,,False,False,
C#Cc1ccc(CNC(=O)N2CCOCC2)cc1,PAT-GYR-359dbb24-1,PAT-GYR-359dbb24-1,0.0,0.0,,1.3952716,2.4609235,,,,,,,1.0,1.0,,False,False,
CS(=O)(=O)Cc1ccc(C(=O)Nc2cccnc2)o1,ANT-DIA-3c79be55-4,ANT-DIA-3c79be55-4,0.0,,,0.4693825,6.26142,,,,,,,1.0,1.0,,False,False,
O=C(Cc1c[nH]c2ncccc12)NCc1cccc(Cl)c1,TRY-UNI-1fd04853-5,TRY-UNI-1fd04853-5,1.9811308425,,,7.7282865,9.0260615,,,,,,,1.0,0.96,,False,False,
O=C(Cc1c[nH]c2ncccc12)NCc1ccc(Cl)cc1,TRY-UNI-1fd04853-7,TRY-UNI-1fd04853-7,0.0,,,2.9880005,3.447241,,,,,,,1.0,0.95,,False,False,
N#Cc1ccc(CNC(=O)Cc2c[nH]c3ncccc23)cc1,TRY-UNI-1fd04853-8,TRY-UNI-1fd04853-8,1.118523639,,,2.4351545,1.7144045,,,,,,,1.0,0.99,,False,False,
O=C(Cc1c[nH]c2ncccc12)NCc1cc(Cl)ccn1,TRY-UNI-1fd04853-9,TRY-UNI-1fd04853-9,0.0,,,2.5836835,8.4511955,,,,,,,1.0,0.98,,False,False,
N#Cc1ccnc(CNC(=O)Cc2c[nH]c3ncccc23)c1,TRY-UNI-1fd04853-10,TRY-UNI-1fd04853-10,0.0,,,-23.20646,-17.2385,,,,,,,0.97,0.98,,False,False,
O=C(Cc1c[nH]c2ncccc12)NCc1ccc(Cl)cn1,TRY-UNI-1fd04853-11,TRY-UNI-1fd04853-11,0.0,,,1.54883605,4.1642875,,,,,,,1.0,1.0,,False,False,
N#Cc1ccc(CNC(=O)Cc2c[nH]c3ncccc23)nc1,TRY-UNI-1fd04853-12,TRY-UNI-1fd04853-12,0.0,,,4.14641935,0.61552145,,,,,,,1.0,1.0,,False,False,
CS(=O)(=O)NCCc1cccc(O)c1,ANT-DIA-b7f58f21-2,ANT-DIA-b7f58f21-2,-2.4475,1.455,,-1.8010535,0.0445147,,,,,,,1.0,1.0,,False,False,
CS(=O)(=O)NCCc1ccccc1O,ANT-DIA-b7f58f21-3,ANT-DIA-b7f58f21-3,0.0,0.0,,,14.42441,,,,,,,1.0,1.0,,False,False,
N#Cc1cc(Cl)cc(NC(=O)Nc2cccnc2)c1,WAR-XCH-eb7b662f-2,WAR-XCH-eb7b662f-2,6.7825,36.54,,23.03763,43.902085,99.01,,37.82614,-14.838629,1.05379268505508,0.731609475909779,0.99,0.88,99.0,False,False,3-aminopyridine-like
Cc1cc(Cl)cc(NC(=O)Nc2cccnc2)c1,WAR-XCH-eb7b662f-5,WAR-XCH-eb7b662f-5,0.0,35.39,,,12.72043,,,,,,,1.0,1.0,,False,False,3-aminopyridine-like
CC(=O)N1CCN(Cc2cccc(C#N)c2)CC1,PAT-UNK-b2d83456-1,PAT-UNK-b2d83456-1,0.0,,,-0.338892,6.5935325,,,,,,,1.0,0.99,,False,False,
N#Cc1cccc(NC(=O)Cc2c[nH]c3ncccc23)c1,DAR-DIA-23aa0b97-1,DAR-DIA-23aa0b97-1,0.0,,,2.74304045,2.910389,,,,,,,1.0,0.95,,False,False,3-aminopyridine-like
N#Cc1cncc(NC(=O)Cc2c[nH]c3ncccc23)c1,DAR-DIA-23aa0b97-2,DAR-DIA-23aa0b97-2,,0.0,,-0.383514,0.077528,,,,,,,,,,False,False,3-aminopyridine-like
N#Cc1cccc(NC(=O)Nc2cccnc2)c1,DAR-DIA-23aa0b97-5,DAR-DIA-23aa0b97-5,0.0,,,6.212941,10.279247,,,,,,,1.0,1.0,,False,False,3-aminopyridine-like
N#Cc1cncc(NC(=O)Cc2cccnc2)c1,DAR-DIA-23aa0b97-6,DAR-DIA-23aa0b97-6,,0.0,,0.2160645,-0.0609150000000001,,,,,,,,,,False,False,3-aminopyridine-like
N#Cc1cccc(NC(=O)Nc2cncc(N)c2)c1,DAR-DIA-23aa0b97-8,DAR-DIA-23aa0b97-8,9.085,48.4,,,57.24192,54.2729639849878,4.26541645984352,63.23729,1.3849385,0.945003060411559,0.93694520933576,1.0,1.0,99.0,False,False,3-aminopyridine-like
N#Cc1cccc(NC(=O)Nc2c[nH]c3ncccc23)c1,DAR-DIA-23aa0b97-11,DAR-DIA-23aa0b97-11,0.0,19.905,,,47.31524,63.5549252040437,4.19685078805166,59.78731,-4.0929875,1.02447223384785,0.916669942234531,1.0,0.91,99.0,False,False,3-aminopyridine-like
O=C(Cc1c[nH]c2ncccc12)Nc1cccc(Cl)c1,DAR-DIA-23aa0b97-12,DAR-DIA-23aa0b97-12,0.0,,,5.9493315,9.3436955,,,,,,,0.99,0.97,,False,False,3-aminopyridine-like
Nc1cncc(NC(=O)Nc2cccc(Cl)c2)c1,DAR-DIA-23aa0b97-13,DAR-DIA-23aa0b97-13,15.185,39.42,,,14.95938,,,,,,,1.0,1.0,,False,False,3-aminopyridine-like
O=C(Nc1cccnc1)Nc1cccc(Cl)c1,DAR-DIA-23aa0b97-14,DAR-DIA-23aa0b97-14,,,,12.85786,30.92173,,,,,,,,,,False,False,3-aminopyridine-like
O=C(Nc1cccnc1)Nc1cncc(Cl)c1,DAR-DIA-23aa0b97-15,DAR-DIA-23aa0b97-15,0.0,-0.075,,,16.82187,,,,,,,1.0,1.0,,False,False,3-aminopyridine-like
N#Cc1cncc(CC(=O)Nc2cccnc2)c1,DAR-DIA-23aa0b97-17,DAR-DIA-23aa0b97-17,6.5775,12.695,,6.610398,21.805805,,,,,,,1.0,1.0,,False,False,3-aminopyridine-like
N#Cc1cccc(NC(=O)Cc2cncc3ccccc23)c1,DAR-DIA-23aa0b97-19,DAR-DIA-23aa0b97-19,68.21,85.16,14.6410907533078,48.731525,73.019885,26.6801291780371,4.57381207201288,77.520905,-0.5902605,1.08158713361414,0.989360259332658,0.99,0.98,,False,False,3-aminopyridine-like
O=C(Cc1cncc2ccccc12)Nc1ccccc1,DAR-DIA-23aa0b97-20,DAR-DIA-23aa0b97-20,27.82,62.475,45.0774692062389,31.64337,57.79387,57.4696696866732,4.24056129901503,61.19036,-1.86915885,1.10542123676374,0.986546275943827,1.0,0.98,99.0,False,False,3-aminopyridine-like
Cc1ccc(NC(=O)Nc2cccnc2)s1,DAR-DIA-842b4336-3,DAR-DIA-842b4336-3,2.6175,28.585,,1.901842,11.32011,,,,,,,1.0,0.96,,False,False,3-aminopyridine-like
O=C(Nc1cccnc1)Nc1ccc(Cl)s1,DAR-DIA-842b4336-4,DAR-DIA-842b4336-4,0.0,35.74,,8.8541305,23.74839,,,,,,,0.99,0.95,,False,False,3-aminopyridine-like
Cc1coc(NC(=O)Nc2cccnc2)n1,DAR-DIA-842b4336-7,DAR-DIA-842b4336-7,2.7575,8.515,,2.9070655,8.855559,,,,,,,1.0,1.0,,False,False,3-aminopyridine-like
O=C(Cc1ccc(Cl)s1)Nc1cccnc1,DAR-DIA-842b4336-13,DAR-DIA-842b4336-13,0.0,,,0.92202215,11.50041,,,,,,,1.0,1.0,,False,False,3-aminopyridine-like
Cc1cnc(CC(=O)Nc2cccnc2)o1,DAR-DIA-842b4336-16,DAR-DIA-842b4336-16,0.0,0.0,,,-9.906875,,,,,,,0.99,1.0,,False,False,3-aminopyridine-like
